t,x,y,z,event_type
1770586471.2058775,-0.1529797798598533,0.008108590324165499,0.5078213383843122,CV_UPDATE
1770586471.2163246,-0.14761500889891616,0.01528575374135023,0.4964104000768857,CV_UPDATE
1770586471.2267303,-0.14761500889891616,0.01528575374135023,0.4964104000768857,CV_UPDATE
1770586471.2371736,-0.14761500889891616,0.01528575374135023,0.4964104000768857,CV_UPDATE
1770586471.247875,-0.14761500889891616,0.01528575374135023,0.4964104000768857,CV_UPDATE
1770586471.2586951,-0.1548714074384114,0.003300031101166126,0.5169397108877354,CV_UPDATE
1770586471.269477,-0.1548714074384114,0.003300031101166126,0.5169397108877354,CV_UPDATE
1770586471.2798276,-0.1548714074384114,0.003300031101166126,0.5169397108877354,CV_UPDATE
1770586471.2904549,-0.1548714074384114,0.003300031101166126,0.5169397108877354,CV_UPDATE
1770586471.3012297,-0.15199312049225105,0.01326593635738231,0.503918866426476,CV_UPDATE
1770586471.311716,-0.15199312049225105,0.01326593635738231,0.503918866426476,CV_UPDATE
1770586471.322365,-0.1475255132807685,0.012291638878261485,0.49500352023595645,CV_UPDATE
1770586471.3331969,-0.1475255132807685,0.012291638878261485,0.49500352023595645,CV_UPDATE
1770586471.343594,-0.1475255132807685,0.012291638878261485,0.49500352023595645,CV_UPDATE
1770586471.354207,-0.15067936847970356,0.006109912352302765,0.5132658018071645,CV_UPDATE
1770586471.364701,-0.15067936847970356,0.006109912352302765,0.5132658018071645,CV_UPDATE
1770586471.375264,-0.15067936847970356,0.006109912352302765,0.5132658018071645,CV_UPDATE
1770586471.3856637,-0.15067936847970356,0.006109912352302765,0.5132658018071645,CV_UPDATE
1770586471.3965044,-0.15067936847970356,0.006109912352302765,0.5132658018071645,CV_UPDATE
1770586471.4071805,-0.15067936847970356,0.006109912352302765,0.5132658018071645,CV_UPDATE
1770586471.4176278,-0.15067936847970356,0.006109912352302765,0.5132658018071645,CV_UPDATE
1770586471.4284706,-0.1364848805108495,0.012868784253271981,0.48924258269985327,CV_UPDATE
1770586471.4387941,-0.1364848805108495,0.012868784253271981,0.48924258269985327,CV_UPDATE
1770586471.4493642,-0.1364848805108495,0.012868784253271981,0.48924258269985327,CV_UPDATE
1770586471.4599497,-0.15220565732559754,0.007677234790597273,0.5078321472488375,CV_UPDATE
1770586471.470658,-0.15220565732559754,0.007677234790597273,0.5078321472488375,CV_UPDATE
1770586471.481465,-0.14098599307182014,0.01258214422188493,0.4942805867187068,CV_UPDATE
1770586471.491935,-0.14098599307182014,0.01258214422188493,0.4942805867187068,CV_UPDATE
1770586471.5022902,-0.14098599307182014,0.01258214422188493,0.4942805867187068,CV_UPDATE
1770586471.5131042,-0.15762002355544594,0.00037000240898940606,0.5285082008852078,CV_UPDATE
1770586471.5237012,-0.15762002355544594,0.00037000240898940606,0.5285082008852078,CV_UPDATE
1770586471.5341322,-0.15762002355544594,0.00037000240898940606,0.5285082008852078,CV_UPDATE
1770586471.5447605,-0.15762002355544594,0.00037000240898940606,0.5285082008852078,CV_UPDATE
1770586471.5558305,-0.15276249615668325,0.005116374729884771,0.5172440974265927,CV_UPDATE
1770586471.5663667,-0.15276249615668325,0.005116374729884771,0.5172440974265927,CV_UPDATE
1770586471.5771105,-0.15276249615668325,0.005116374729884771,0.5172440974265927,CV_UPDATE
1770586471.5881932,-0.15276249615668325,0.005116374729884771,0.5172440974265927,CV_UPDATE
1770586471.5998907,-0.15120098223455053,0.006124448942513794,0.5141172335492981,CV_UPDATE
1770586471.610351,-0.15120098223455053,0.006124448942513794,0.5141172335492981,CV_UPDATE
1770586471.6214879,-0.1520715694883102,0.008305004402061805,0.507334490651648,CV_UPDATE
1770586471.6318388,-0.1520715694883102,0.008305004402061805,0.507334490651648,CV_UPDATE
1770586471.6426053,-0.1520715694883102,0.008305004402061805,0.507334490651648,CV_UPDATE
1770586471.653501,-0.1520715694883102,0.008305004402061805,0.507334490651648,CV_UPDATE
1770586471.664027,-0.1520715694883102,0.008305004402061805,0.507334490651648,CV_UPDATE
1770586471.6751928,-0.1520715694883102,0.008305004402061805,0.507334490651648,CV_UPDATE
1770586471.6857612,-0.1520715694883102,0.008305004402061805,0.507334490651648,CV_UPDATE
1770586471.696543,-0.1545995769327486,0.010180460254596208,0.5034605092727598,CV_UPDATE
1770586471.7071986,-0.1545995769327486,0.010180460254596208,0.5034605092727598,CV_UPDATE
1770586471.717533,-0.1545995769327486,0.010180460254596208,0.5034605092727598,CV_UPDATE
1770586471.728113,-0.1545995769327486,0.010180460254596208,0.5034605092727598,CV_UPDATE
1770586471.7384307,-0.1545995769327486,0.010180460254596208,0.5034605092727598,CV_UPDATE
1770586471.7488315,-0.1545995769327486,0.010180460254596208,0.5034605092727598,CV_UPDATE
1770586471.7591238,-0.1545995769327486,0.010180460254596208,0.5034605092727598,CV_UPDATE
1770586471.769746,-0.13592504437592726,0.013197972441186215,0.4856965596302184,CV_UPDATE
1770586471.779966,-0.13592504437592726,0.013197972441186215,0.4856965596302184,CV_UPDATE
1770586471.7902937,-0.13592504437592726,0.013197972441186215,0.4856965596302184,CV_UPDATE
1770586471.8006597,-0.13592504437592726,0.013197972441186215,0.4856965596302184,CV_UPDATE
1770586471.8110523,-0.13592504437592726,0.013197972441186215,0.4856965596302184,CV_UPDATE
1770586471.821612,-0.15707354917564556,0.00910723544813527,0.5083516527246495,CV_UPDATE
1770586471.832482,-0.15237839696233033,0.007870893406984103,0.5080272294252101,CV_UPDATE
1770586471.8428214,-0.15237839696233033,0.007870893406984103,0.5080272294252101,CV_UPDATE
1770586471.8535442,-0.14484210170396658,0.011169467519779139,0.49760100820021,CV_UPDATE
1770586471.8640096,-0.15096891884065253,0.0033983939366237503,0.5164342272965323,CV_UPDATE
1770586471.874427,-0.16039400399105616,0.0017960935854514776,0.5255657570051793,CV_UPDATE
1770586471.884938,-0.16039400399105616,0.0017960935854514776,0.5255657570051793,CV_UPDATE
1770586471.8952403,-0.16039400399105616,0.0017960935854514776,0.5255657570051793,CV_UPDATE
1770586471.905934,-0.16039400399105616,0.0017960935854514776,0.5255657570051793,CV_UPDATE
1770586471.9167416,-0.16039400399105616,0.0017960935854514776,0.5255657570051793,CV_UPDATE
1770586471.9272594,-0.16039400399105616,0.0017960935854514776,0.5255657570051793,CV_UPDATE
1770586471.9377687,-0.16039400399105616,0.0017960935854514776,0.5255657570051793,CV_UPDATE
1770586471.9483533,-0.141124783720825,0.013528618593808855,0.4872679881767885,CV_UPDATE
1770586471.9589324,-0.14472926076725376,0.011773873244383962,0.49495807186736923,CV_UPDATE
1770586471.9692197,-0.14600310278006243,0.01386279555165372,0.4916154061046936,CV_UPDATE
1770586471.9797664,-0.14600310278006243,0.01386279555165372,0.4916154061046936,CV_UPDATE
1770586471.9900436,-0.14600310278006243,0.01386279555165372,0.4916154061046936,CV_UPDATE
1770586472.0007832,-0.14600310278006243,0.01386279555165372,0.4916154061046936,CV_UPDATE
1770586472.011578,-0.15328282802002416,0.008913425581916157,0.5034746834810743,CV_UPDATE
1770586472.0220687,-0.15328282802002416,0.008913425581916157,0.5034746834810743,CV_UPDATE
1770586472.0326262,-0.15328282802002416,0.008913425581916157,0.5034746834810743,CV_UPDATE
1770586472.0433843,-0.15328282802002416,0.008913425581916157,0.5034746834810743,CV_UPDATE
1770586472.0543108,-0.15328282802002416,0.008913425581916157,0.5034746834810743,CV_UPDATE
1770586472.065111,-0.15328282802002416,0.008913425581916157,0.5034746834810743,CV_UPDATE
1770586472.0756915,-0.16224204753259322,0.008960772424120772,0.5108902725045887,CV_UPDATE
1770586472.0866406,-0.16224204753259322,0.008960772424120772,0.5108902725045887,CV_UPDATE
1770586472.097337,-0.16224204753259322,0.008960772424120772,0.5108902725045887,CV_UPDATE
1770586472.1081872,-0.15550767982901126,0.010655046336146251,0.4991960002213234,CV_UPDATE
1770586472.118849,-0.15550767982901126,0.010655046336146251,0.4991960002213234,CV_UPDATE
1770586472.1299734,-0.15550767982901126,0.010655046336146251,0.4991960002213234,CV_UPDATE
1770586472.1406784,-0.1671298599223735,0.007405382765245855,0.5150624348889213,CV_UPDATE
1770586472.1513507,-0.1671298599223735,0.007405382765245855,0.5150624348889213,CV_UPDATE
1770586472.1616669,-0.16229808281908648,0.00901003095284049,0.5054106816846035,CV_UPDATE
1770586472.1722727,-0.16229808281908648,0.00901003095284049,0.5054106816846035,CV_UPDATE
1770586472.1826973,-0.16229808281908648,0.00901003095284049,0.5054106816846035,CV_UPDATE
1770586472.193311,-0.16229808281908648,0.00901003095284049,0.5054106816846035,CV_UPDATE
1770586472.2037964,-0.16229808281908648,0.00901003095284049,0.5054106816846035,CV_UPDATE
1770586472.2147703,-0.1672957698229562,0.009045821971462656,0.5066710736770312,CV_UPDATE
1770586472.2254193,-0.1672957698229562,0.009045821971462656,0.5066710736770312,CV_UPDATE
1770586472.2359533,-0.1672957698229562,0.009045821971462656,0.5066710736770312,CV_UPDATE
1770586472.246706,-0.1672957698229562,0.009045821971462656,0.5066710736770312,CV_UPDATE
1770586472.2574432,-0.1672957698229562,0.009045821971462656,0.5066710736770312,CV_UPDATE
1770586472.2680955,-0.17288171648379308,0.007160663777235232,0.5117584455850904,CV_UPDATE
1770586472.2786367,-0.17288171648379308,0.007160663777235232,0.5117584455850904,CV_UPDATE
1770586472.289461,-0.16845370165979082,0.010724304006555205,0.5009266462397992,CV_UPDATE
1770586472.2999413,-0.16845370165979082,0.010724304006555205,0.5009266462397992,CV_UPDATE
1770586472.3104248,-0.16845370165979082,0.010724304006555205,0.5009266462397992,CV_UPDATE
1770586472.3214123,-0.16845370165979082,0.010724304006555205,0.5009266462397992,CV_UPDATE
1770586472.3320732,-0.16845370165979082,0.010724304006555205,0.5009266462397992,CV_UPDATE
1770586472.342336,-0.1693088686633097,0.011359647486245475,0.49704893659191807,CV_UPDATE
1770586472.3530087,-0.166934558380133,0.014095810101792394,0.48912015251160446,CV_UPDATE
1770586472.3637087,-0.166934558380133,0.014095810101792394,0.48912015251160446,CV_UPDATE
1770586472.3743246,-0.17966875158563778,0.008046410580986652,0.5109192930084543,CV_UPDATE
1770586472.3845308,-0.17966875158563778,0.008046410580986652,0.5109192930084543,CV_UPDATE
1770586472.3947375,-0.17966875158563778,0.008046410580986652,0.5109192930084543,CV_UPDATE
1770586472.4051592,-0.17966875158563778,0.008046410580986652,0.5109192930084543,CV_UPDATE
1770586472.4160457,-0.17966875158563778,0.008046410580986652,0.5109192930084543,CV_UPDATE
1770586472.426759,-0.17966875158563778,0.008046410580986652,0.5109192930084543,CV_UPDATE
1770586472.437119,-0.17966875158563778,0.008046410580986652,0.5109192930084543,CV_UPDATE
1770586472.447616,-0.17966875158563778,0.008046410580986652,0.5109192930084543,CV_UPDATE
1770586472.458471,-0.17966875158563778,0.008046410580986652,0.5109192930084543,CV_UPDATE
1770586472.4692118,-0.17966875158563778,0.008046410580986652,0.5109192930084543,CV_UPDATE
1770586472.479994,-0.17966875158563778,0.008046410580986652,0.5109192930084543,CV_UPDATE
1770586472.4906867,-0.17966875158563778,0.008046410580986652,0.5109192930084543,CV_UPDATE
1770586472.5013335,-0.17966875158563778,0.008046410580986652,0.5109192930084543,CV_UPDATE
1770586472.512174,-0.17648164188313956,0.008710058501813889,0.5047617483455833,CV_UPDATE
1770586472.522759,-0.17648164188313956,0.008710058501813889,0.5047617483455833,CV_UPDATE
1770586472.5330162,-0.17697687891442848,0.009369430439552073,0.5006023701170821,CV_UPDATE
1770586472.5436273,-0.17697687891442848,0.009369430439552073,0.5006023701170821,CV_UPDATE
1770586472.554015,-0.18027585434953852,0.011689374228252253,0.4981479687741929,CV_UPDATE
1770586472.5646899,-0.18027585434953852,0.011689374228252253,0.4981479687741929,CV_UPDATE
1770586472.575307,-0.18027585434953852,0.011689374228252253,0.4981479687741929,CV_UPDATE
1770586472.5859714,-0.18027585434953852,0.011689374228252253,0.4981479687741929,CV_UPDATE
1770586472.5966296,-0.17753391859736484,0.012231912506215456,0.4947837478041076,CV_UPDATE
1770586472.6069446,-0.17753391859736484,0.012231912506215456,0.4947837478041076,CV_UPDATE
1770586472.6173215,-0.17753391859736484,0.012231912506215456,0.4947837478041076,CV_UPDATE
1770586472.6280885,-0.18088730904423095,0.012040083699274812,0.49692176179521574,CV_UPDATE
1770586472.6384518,-0.18088730904423095,0.012040083699274812,0.49692176179521574,CV_UPDATE
1770586472.6490042,-0.18088730904423095,0.012040083699274812,0.49692176179521574,CV_UPDATE
1770586472.6594305,-0.17572835122369299,0.013756899828113137,0.4870987128484187,CV_UPDATE
1770586472.6697738,-0.17572835122369299,0.013756899828113137,0.4870987128484187,CV_UPDATE
1770586472.6801035,-0.17572835122369299,0.013756899828113137,0.4870987128484187,CV_UPDATE
1770586472.6910646,-0.17758473554826937,0.015432530369107189,0.48266747663407217,CV_UPDATE
1770586472.701968,-0.17758473554826937,0.015432530369107189,0.48266747663407217,CV_UPDATE
1770586472.7123375,-0.17758473554826937,0.015432530369107189,0.48266747663407217,CV_UPDATE
1770586472.7228887,-0.1833595235006087,0.014762819525319104,0.4883003735643039,CV_UPDATE
1770586472.7335126,-0.1833595235006087,0.014762819525319104,0.4883003735643039,CV_UPDATE
1770586472.7442403,-0.1833595235006087,0.014762819525319104,0.4883003735643039,CV_UPDATE
1770586472.7547414,-0.18216869720288703,0.015076079443113996,0.4849277174182362,CV_UPDATE
1770586472.7651863,-0.18216869720288703,0.015076079443113996,0.4849277174182362,CV_UPDATE
1770586472.7758727,-0.18216869720288703,0.015076079443113996,0.4849277174182362,CV_UPDATE
1770586472.7866828,-0.18425355812046698,0.015730876089089255,0.48386013568171476,CV_UPDATE
1770586472.7970903,-0.18425355812046698,0.015730876089089255,0.48386013568171476,CV_UPDATE
1770586472.808043,-0.18425355812046698,0.015730876089089255,0.48386013568171476,CV_UPDATE
1770586472.8188593,-0.191750553781948,0.013837215300256167,0.48762695393616473,CV_UPDATE
1770586472.829442,-0.191750553781948,0.013837215300256167,0.48762695393616473,CV_UPDATE
1770586472.8401139,-0.191750553781948,0.013837215300256167,0.48762695393616473,CV_UPDATE
1770586472.850737,-0.191750553781948,0.013837215300256167,0.48762695393616473,CV_UPDATE
1770586472.8614576,-0.191750553781948,0.013837215300256167,0.48762695393616473,CV_UPDATE
1770586472.8721898,-0.191750553781948,0.013837215300256167,0.48762695393616473,CV_UPDATE
1770586472.883046,-0.19613993207132893,0.012640086292053751,0.4973284651397374,CV_UPDATE
1770586472.8938112,-0.19613993207132893,0.012640086292053751,0.4973284651397374,CV_UPDATE
1770586472.905401,-0.19613993207132893,0.012640086292053751,0.4973284651397374,CV_UPDATE
1770586472.9168136,-0.19613993207132893,0.012640086292053751,0.4973284651397374,CV_UPDATE
1770586472.927694,-0.20590347886236676,0.010065779739737865,0.5096610514117467,CV_UPDATE
1770586472.9380996,-0.20590347886236676,0.010065779739737865,0.5096610514117467,CV_UPDATE
1770586472.9487207,-0.199175867249585,0.012950475548551,0.4958588102249957,CV_UPDATE
1770586472.9591627,-0.199175867249585,0.012950475548551,0.4958588102249957,CV_UPDATE
1770586472.9695206,-0.19826208461523595,0.0114448999597105,0.49400087667765735,CV_UPDATE
1770586472.9798288,-0.19826208461523595,0.0114448999597105,0.49400087667765735,CV_UPDATE
1770586472.9907568,-0.19826208461523595,0.0114448999597105,0.49400087667765735,CV_UPDATE
1770586473.0015244,-0.19826208461523595,0.0114448999597105,0.49400087667765735,CV_UPDATE
1770586473.0121915,-0.19826208461523595,0.0114448999597105,0.49400087667765735,CV_UPDATE
1770586473.023157,-0.19826208461523595,0.0114448999597105,0.49400087667765735,CV_UPDATE
1770586473.0338821,-0.19826208461523595,0.0114448999597105,0.49400087667765735,CV_UPDATE
1770586473.044462,-0.19826208461523595,0.0114448999597105,0.49400087667765735,CV_UPDATE
1770586473.0550976,-0.19826208461523595,0.0114448999597105,0.49400087667765735,CV_UPDATE
1770586473.0656953,-0.19826208461523595,0.0114448999597105,0.49400087667765735,CV_UPDATE
1770586473.0760365,-0.19826208461523595,0.0114448999597105,0.49400087667765735,CV_UPDATE
1770586473.0867677,-0.20017442487789,0.015256386859190146,0.4785443527716847,CV_UPDATE
1770586473.0970523,-0.20145249657671016,0.015903855120890542,0.48516078447259003,CV_UPDATE
1770586473.1074257,-0.20130874773921376,0.014776250084602302,0.4852679830947565,CV_UPDATE
1770586473.1176722,-0.20130874773921376,0.014776250084602302,0.4852679830947565,CV_UPDATE
1770586473.1292825,-0.20130874773921376,0.014776250084602302,0.4852679830947565,CV_UPDATE
1770586473.1400685,-0.20130874773921376,0.014776250084602302,0.4852679830947565,CV_UPDATE
1770586473.1504867,-0.2039020932547298,0.015424578106412595,0.48256036812648617,CV_UPDATE
1770586473.1608627,-0.2039020932547298,0.015424578106412595,0.48256036812648617,CV_UPDATE
1770586473.1715798,-0.20034370959802644,0.017034568757974156,0.47774119288613587,CV_UPDATE
1770586473.1820903,-0.20034370959802644,0.017034568757974156,0.47774119288613587,CV_UPDATE
1770586473.1924322,-0.20034370959802644,0.017034568757974156,0.47774119288613587,CV_UPDATE
1770586473.2026973,-0.20034370959802644,0.017034568757974156,0.47774119288613587,CV_UPDATE
1770586473.2131097,-0.2039450222248596,0.01706832758770696,0.47564223022013213,CV_UPDATE
1770586473.2236023,-0.2039450222248596,0.01706832758770696,0.47564223022013213,CV_UPDATE
1770586473.2339237,-0.2039450222248596,0.01706832758770696,0.47564223022013213,CV_UPDATE
1770586473.2445009,-0.2039450222248596,0.01706832758770696,0.47564223022013213,CV_UPDATE
1770586473.2553666,-0.2039450222248596,0.01706832758770696,0.47564223022013213,CV_UPDATE
1770586473.2662199,-0.20707779177955624,0.015063437862909493,0.48242994427158303,CV_UPDATE
1770586473.276544,-0.2081894196860615,0.014352025379916842,0.48483848796725915,CV_UPDATE
1770586473.2873201,-0.20612161544110819,0.015282259422221249,0.4816289488766721,CV_UPDATE
1770586473.297912,-0.20486471482162677,0.01584769580087687,0.4796780525667075,CV_UPDATE
1770586473.308544,-0.20401991276590975,0.01622774320292409,0.4783667943911575,CV_UPDATE
1770586473.3191037,-0.20341308312025386,0.016500734998760827,0.4774249047157624,CV_UPDATE
1770586473.329864,-0.20313645360911964,0.016652081434354933,0.47672996269275775,CV_UPDATE
1770586473.3408408,-0.2029206217927402,0.016770164917071215,0.4761877551803036,CV_UPDATE
1770586473.3513627,-0.20274752894990125,0.016864865531922884,0.47575291549209775,CV_UPDATE
1770586473.3635736,-0.20260562400667292,0.016942502972927407,0.47539642529726234,CV_UPDATE
1770586473.3746474,-0.20305687890967075,0.016949201583788123,0.47552154419472553,CV_UPDATE
1770586473.3853095,-0.2034392399343483,0.016954877505967813,0.4756275609704386,CV_UPDATE
1770586473.3958955,-0.2037673653526886,0.016959748332802865,0.475718539905625,CV_UPDATE
1770586473.4069629,-0.20370831542817228,0.017116355771371203,0.4750316706965718,CV_UPDATE
1770586473.417241,-0.2036566008980058,0.017253508869744714,0.47443012685510283,CV_UPDATE
1770586473.4277458,-0.20361093485089973,0.017374620670062846,0.473898939018484,CV_UPDATE
1770586473.438491,-0.20401302411138192,0.017300129582561514,0.47413400483995083,CV_UPDATE
1770586473.449618,-0.2038085193139798,0.017438096287132814,0.4734841608106577,CV_UPDATE
1770586473.4598384,-0.2036243632526376,0.017562334961398512,0.47289897787880664,CV_UPDATE
1770586473.4704273,-0.20345766274213353,0.017674797458008693,0.47236926252343436,CV_UPDATE
1770586473.4816728,-0.2033060482506796,0.01777708235311569,0.47188748520927226,CV_UPDATE
1770586473.492595,-0.2032152838399934,0.01790944370259526,0.4712740885937422,CV_UPDATE
1770586473.5030236,-0.20313205174554672,0.01803082070771968,0.47071159626165865,CV_UPDATE
1770586473.5135882,-0.20305545169049818,0.018142526238332197,0.4701939240357172,CV_UPDATE
1770586473.5240557,-0.20326781673508582,0.018158871929458722,0.4700509554273799,CV_UPDATE
1770586473.53481,-0.20346450908265593,0.01817401129651687,0.46991853800784983,CV_UPDATE
1770586473.5456746,-0.20364720197488295,0.018188073128553084,0.4697955453156884,CV_UPDATE
1770586473.5568328,-0.20347169733894302,0.018326178956031645,0.46922063153627386,CV_UPDATE
1770586473.567299,-0.20330785414060706,0.01845510831656811,0.4686839180079832,CV_UPDATE
1770586473.578424,-0.20315454748235703,0.018575746399899656,0.4681817198191324,CV_UPDATE
1770586473.5891507,-0.20311967287909194,0.01864110243291062,0.4678141972684142,CV_UPDATE
1770586473.5993931,-0.20308690550261022,0.018702509460905816,0.46746888151834365,CV_UPDATE
1770586473.61,-0.20303744384029263,0.01881658307831275,0.46694672202798465,CV_UPDATE
1770586473.6203644,-0.2029908005063122,0.018924156774499917,0.466454315215139,CV_UPDATE
1770586473.6308346,-0.20294674129055787,0.019025770709125468,0.4659891885581297,CV_UPDATE
1770586473.6414864,-0.20290505723468247,0.01912190680360948,0.46554913611443627,CV_UPDATE
1770586473.65228,-0.2028655613182231,0.019212996383947346,0.4651321835365535,CV_UPDATE
1770586473.6630883,-0.202828085653245,0.019299426650712943,0.4647365584562606,CV_UPDATE
1770586473.6735194,-0.2027829626354785,0.019379004243914023,0.4643679277540688,CV_UPDATE
1770586473.6840184,-0.20274003538499988,0.019454709448151548,0.4640172352855603,CV_UPDATE
1770586473.694841,-0.20268679815992685,0.01953443552776346,0.46364755436566485,CV_UPDATE
1770586473.7050061,-0.2026360313397296,0.019610462021314494,0.46329502801281786,CV_UPDATE
1770586473.7157624,-0.20258756686965468,0.019683040601325797,0.46295848924966915,CV_UPDATE
1770586473.7268975,-0.20254125160002653,0.019752400619030615,0.46263687460018554,CV_UPDATE
1770586473.7376025,-0.20273919131315377,0.0197396528050262,0.4626040888548798,CV_UPDATE
1770586473.7483106,-0.2026804982914595,0.019811340250450254,0.46227902006740146,CV_UPDATE
1770586473.7587495,-0.20262424572804777,0.019880046928912813,0.46196746765362284,CV_UPDATE
1770586473.7693994,-0.2025702845114145,0.01994595496466814,0.4616686057658637,CV_UPDATE
1770586473.7799048,-0.2025184774351658,0.020009231941111875,0.4613816744923864,CV_UPDATE
1770586473.7906513,-0.2024676881994303,0.020092700538474846,0.46102258904603216,CV_UPDATE
1770586473.8009791,-0.20241884864644857,0.020172964967033098,0.4606772880697875,CV_UPDATE
1770586473.811688,-0.2023718486246526,0.02025020625327277,0.46034499278003044,CV_UPDATE
1770586473.8226454,-0.20232658612676774,0.020324592039096926,0.46002498197418307,CV_UPDATE
1770586473.8337007,-0.20226704212554714,0.020406113080138198,0.4596894792121406,CV_UPDATE
1770586473.844072,-0.2022096209051187,0.02048472784520652,0.4593659373328804,CV_UPDATE
1770586473.8547666,-0.202296002995989,0.020481863738450103,0.4592738874708858,CV_UPDATE
1770586473.86526,-0.20237941152090846,0.02047909822400888,0.45918500627883946,CV_UPDATE
1770586473.8760104,-0.20245999742231122,0.0204764262971968,0.459099132910551,CV_UPDATE
1770586473.8872223,-0.2023553436816043,0.020564342494081768,0.4587566326537022,CV_UPDATE
1770586473.8978338,-0.20225411559525766,0.0206493809103813,0.4584253435345571,CV_UPDATE
1770586473.9087894,-0.20215614767272252,0.02073168056931209,0.4581047239522605,CV_UPDATE
1770586473.9195921,-0.2020612849141346,0.020811371681208623,0.4577942666388164,CV_UPDATE
1770586473.9303756,-0.20235346822226144,0.020724265424241817,0.4580671427504979,CV_UPDATE
1770586473.9406235,-0.2022888081183029,0.020794186550415268,0.4577913692750324,CV_UPDATE
1770586473.9509842,-0.20222610444714192,0.020861992060063048,0.4575239399289304,CV_UPDATE
1770586473.961316,-0.20216526973786353,0.020927776541107314,0.45726448165126665,CV_UPDATE
1770586473.97178,-0.20210622165734515,0.02099162902564514,0.4570126432936517,CV_UPDATE
1770586473.9828892,-0.20204888263849155,0.021053633391961903,0.4567680940346653,CV_UPDATE
1770586473.9935443,-0.20204268358327043,0.021074053703118573,0.4566608977400734,CV_UPDATE
1770586474.0038164,-0.2020366589037236,0.021093899603272244,0.456556716812418,CV_UPDATE
1770586474.0148318,-0.20222293468009478,0.021057988890026556,0.4566719391003755,CV_UPDATE
1770586474.025341,-0.20240411399199615,0.021023060686035197,0.4567840089317542,CV_UPDATE
1770586474.0356581,-0.20258040317402165,0.02098907521359556,0.45689305393637497,CV_UPDATE
1770586474.046368,-0.20275199757090664,0.020955994813657647,0.45699919494619895,CV_UPDATE
1770586474.0570602,-0.20291908225959493,0.020923783806622173,0.45710254644196713,CV_UPDATE
1770586474.0683694,-0.20308183271511362,0.020892408363971538,0.4572032169650824,CV_UPDATE
1770586474.0791645,-0.20324041542529253,0.02086183638976266,0.45730130949784903,CV_UPDATE
1770586474.0895894,-0.203394988458855,0.020832037411109002,0.45739692181486935,CV_UPDATE
1770586474.1004002,-0.20354570199095526,0.020802982476866173,0.4574901468081189,CV_UPDATE
1770586474.110837,-0.2036926987898348,0.020774644063813054,0.4575810727879714,CV_UPDATE
1770586474.1210911,-0.20383611466791335,0.020746995989689366,0.45766978376222456,CV_UPDATE
1770586474.1315615,-0.20397607890031014,0.020720013332512097,0.45775635969497946,CV_UPDATE
1770586474.1419454,-0.20411271461350605,0.020693672355648198,0.45784087674705054,CV_UPDATE
1770586474.1524365,-0.20424613914660333,0.020667950438170057,0.45792340749942545,CV_UPDATE
1770586474.1632328,-0.20437646438741033,0.020642826010064227,0.45800402116115285,CV_UPDATE
1770586474.173683,-0.20461865055504097,0.020564624798312076,0.4582711593614354,CV_UPDATE
1770586474.1843781,-0.20485533873929745,0.020488198869460086,0.45853223313038355,CV_UPDATE
1770586474.19512,-0.20508671405746515,0.020413488449673237,0.45878744665760446,CV_UPDATE
1770586474.2056851,-0.2053129534085259,0.020340436418782876,0.4590369950676839,CV_UPDATE
1770586474.2162092,-0.20553422592421758,0.02026898816464093,0.45928106491771775,CV_UPDATE
1770586474.2265596,-0.20575069339070856,0.020199091446962438,0.45951983466243057,CV_UPDATE
1770586474.2370052,-0.20596251064309665,0.020130696269942988,0.45975347508931924,CV_UPDATE
1770586474.2474267,-0.20616982593475383,0.02006375476299834,0.4599821497260509,CV_UPDATE
1770586474.2581053,-0.2063727812833688,0.019998221069028346,0.46020601522215726,CV_UPDATE
1770586474.268611,-0.20689018221733424,0.019778061754582167,0.4609354862361657,CV_UPDATE
1770586474.2791648,-0.20689424482265578,0.019779118389758633,0.46090075578823575,CV_UPDATE
1770586474.2895818,-0.2068414734093574,0.019781379526295998,0.4608053991536289,CV_UPDATE
1770586474.2999582,-0.20678976700944549,0.019783595029401732,0.4607119669717891,CV_UPDATE
1770586474.3104348,-0.20680272900018476,0.019775296103646044,0.46069667936480363,CV_UPDATE
1770586474.3209498,-0.20677273082972514,0.019789514893683535,0.46060430505044836,CV_UPDATE
1770586474.331555,-0.20674332028258502,0.0198034551569818,0.46051374022315195,CV_UPDATE
1770586474.3420713,-0.20668369946486445,0.019822828597461893,0.4603981605251499,CV_UPDATE
1770586474.3525856,-0.2066252240999339,0.019841829829671476,0.4602848013785024,CV_UPDATE
1770586474.363517,-0.20656786149170991,0.019860469478014082,0.4601735993992507,CV_UPDATE
1770586474.3740869,-0.20651158017676066,0.01987875776635023,0.4600644935930291,CV_UPDATE
1770586474.3842902,-0.2064822364618308,0.019887991671789076,0.4599887401524482,CV_UPDATE
1770586474.3948088,-0.20645343564634464,0.0198970547371643,0.4599143882556338,CV_UPDATE
1770586474.4058106,-0.20642516280181145,0.01990595166018617,0.45984139936334395,CV_UPDATE
1770586474.4167926,-0.2064267054069991,0.01987748306093865,0.45985820955551826,CV_UPDATE
1770586474.4274933,-0.2064282202425164,0.01984952694772619,0.45987471713397204,CV_UPDATE
1770586474.4379256,-0.20642970805153027,0.019822069605489864,0.4598909301971992,CV_UPDATE
1770586474.448544,-0.20643116955092408,0.01979509780423031,0.45990685655727465,CV_UPDATE
1770586474.4602132,-0.20643260543244948,0.019768598777751816,0.4599225037524058,CV_UPDATE
1770586474.470958,-0.20643354924454788,0.019713838681870984,0.4599605673881161,CV_UPDATE
1770586474.4816937,-0.20643447679803992,0.019660021912361915,0.45999797531950753,CV_UPDATE
1770586474.4922507,-0.20645818021900136,0.019638799966250238,0.4600213406243861,CV_UPDATE
1770586474.5029073,-0.20648148222724544,0.019617937409573138,0.46004431024247583,CV_UPDATE
1770586474.5138135,-0.2065043929339237,0.019597425189700018,0.4600668941406984,CV_UPDATE
1770586474.5246518,-0.20652692211342996,0.019577254555503385,0.46008910195402136,CV_UPDATE
1770586474.5351794,-0.20654907921730442,0.019557417044910333,0.46011094299916394,CV_UPDATE
1770586474.5463095,-0.20659524381896094,0.019524274756728143,0.46016178650744144,CV_UPDATE
1770586474.556669,-0.20664065838647194,0.019491670929767436,0.46021180396359423,CV_UPDATE
1770586474.5674293,-0.20668534105120276,0.019459592547238006,0.46026101533665026,CV_UPDATE
1770586474.57849,-0.2066623555251594,0.01945877085173672,0.4602197019286919,CV_UPDATE
1770586474.5892613,-0.20663973455940224,0.019457962188677957,0.4601790437690754,CV_UPDATE
1770586474.5996487,-0.20661746954904642,0.019457166250450963,0.4601390253916716,CV_UPDATE
1770586474.6107404,-0.20669187716428197,0.019407522847564383,0.4602527543099377,CV_UPDATE
1770586474.6212387,-0.20676513206665564,0.01935864851366133,0.4603647213549541,CV_UPDATE
1770586474.632419,-0.20681518186485584,0.019310846186370263,0.4604631710721988,CV_UPDATE
1770586474.6432178,-0.2068644681268516,0.01926377310892345,0.4605601188868158,CV_UPDATE
1770586474.6538048,-0.20686236677946324,0.019235587676413424,0.46058840482336694,CV_UPDATE
1770586474.6645906,-0.20686029700754277,0.01920782576655569,0.4606162657270623,CV_UPDATE
1770586474.6753337,-0.2068582581047039,0.019180477904570552,0.46064371110646696,CV_UPDATE
1770586474.6867616,-0.206947810493683,0.019115509577643568,0.4608021895356204,CV_UPDATE
1770586474.6972573,-0.20703604690339714,0.019051495965293028,0.460958339112031,CV_UPDATE
1770586474.708074,-0.20712299612989152,0.018988416176609162,0.46111221079527726,CV_UPDATE
1770586474.7189312,-0.20717545285733502,0.01893693040454335,0.4612257216616037,CV_UPDATE
1770586474.729392,-0.20722715535433361,0.018886184902385028,0.4613376004522101,CV_UPDATE
1770586474.740336,-0.20727811977143215,0.01883616381853018,0.4614478821151848,CV_UPDATE
1770586474.7512448,-0.20734132048167256,0.018770759677831598,0.46159803052618137,CV_UPDATE
1770586474.7617261,-0.20740363166749015,0.018706276073947915,0.4617460656590499,CV_UPDATE
1770586474.7721395,-0.2074650719771957,0.018642693708413406,0.46189203181731514,CV_UPDATE
1770586474.783064,-0.2074893204955383,0.018591128825347636,0.4619892754146821,CV_UPDATE
1770586474.7934992,-0.20751323478206368,0.018540274691876156,0.46208517864544163,CV_UPDATE
1770586474.8038862,-0.2075368216998481,0.018490116713551445,0.46217976903252206,CV_UPDATE
1770586474.817532,-0.2076127786633723,0.018420588404186804,0.46233944596146753,CV_UPDATE
1770586474.8281374,-0.2076877098745194,0.01835199903215322,0.462496966551062,CV_UPDATE
1770586474.8386285,-0.20776163597217023,0.01828432970535147,0.46265237418841504,CV_UPDATE
1770586474.8495216,-0.20783457704520214,0.018217562035136022,0.4628057111044176,CV_UPDATE
1770586474.8601267,-0.20790655265068894,0.01815167811965539,0.4629570184120019,CV_UPDATE
1770586474.8706863,-0.20796937655443606,0.01808725406339825,0.4631008824547557,CV_UPDATE
1770586474.8814015,-0.20803137976708264,0.018023671601605604,0.4632428671501189,CV_UPDATE
1770586474.891803,-0.20807147148835053,0.017962690323933158,0.4633725819206393,CV_UPDATE
1770586474.902444,-0.2081110462306208,0.017902495394135277,0.4635006240313206,CV_UPDATE
1770586474.9130585,-0.20815011392942825,0.017843071699824877,0.4636270256280918,CV_UPDATE
1770586474.923549,-0.20819628163656015,0.01778579099246154,0.4637423694760934,CV_UPDATE
1770586474.9339387,-0.20824186531197628,0.01772923489872709,0.46385625419888304,CV_UPDATE
1770586474.9444668,-0.20828687596821685,0.01767338975525957,0.46396870730982115,CV_UPDATE
1770586474.9548666,-0.20837265571403574,0.017598929189454993,0.46414740371949875,CV_UPDATE
1770586474.9652703,-0.20845737053439442,0.017525393025460526,0.4643238816759215,CV_UPDATE
1770586474.9756317,-0.20854104013796892,0.017452764155284625,0.4644981822362132,CV_UPDATE
1770586474.9865627,-0.20857413515910622,0.01739720897759199,0.46460901892237033,CV_UPDATE
1770586474.9970322,-0.20860682682837103,0.017342330889207006,0.464718504765308,CV_UPDATE
1770586475.0073833,-0.2086391224749918,0.01728811758687151,0.4648266643109357,CV_UPDATE
1770586475.0179002,-0.20867102925169542,0.017234557063612897,0.4649335215140514,CV_UPDATE
1770586475.0284362,-0.20873808156774382,0.017162547975368727,0.4650973125611301,CV_UPDATE
1770586475.0391672,-0.2088043361167958,0.017091395628210153,0.46525915487475167,CV_UPDATE
1770586475.0501022,-0.20886980705202102,0.017021084822709278,0.46541908302736057,CV_UPDATE
1770586475.060563,-0.20891703259279182,0.016959283446582412,0.46554671491410127,CV_UPDATE
1770586475.0709684,-0.2089637061108768,0.01689820447111162,0.4656728549026919,CV_UPDATE
1770586475.0814488,-0.20900983722898406,0.016837835303606784,0.4657975289994918,CV_UPDATE
1770586475.0920565,-0.20907192540347996,0.016767913322679583,0.4659489484032214,CV_UPDATE
1770586475.102438,-0.20913330033070998,0.0166987945810508,0.4660986283537203,CV_UPDATE
1770586475.1129518,-0.20916482424320668,0.016638206643165628,0.4662146538186067,CV_UPDATE
1770586475.123722,-0.20919599013284707,0.016578306813603963,0.46632936156100724,CV_UPDATE
1770586475.1344802,-0.20922680406438876,0.01651908343609833,0.4664427739025901,CV_UPDATE
1770586475.1454365,-0.20925727196637917,0.016460525116172776,0.46655491266369475,CV_UPDATE
1770586475.15628,-0.2093427992675394,0.016375976797119867,0.46674600694960666,CV_UPDATE
1770586475.166684,-0.20942737679300658,0.016292367382220792,0.4669349791446145,CV_UPDATE
1770586475.1776395,-0.20951102027622676,0.016209681318121266,0.467121864402074,CV_UPDATE
1770586475.188374,-0.2095109738704324,0.016160359547064882,0.4671933180596527,CV_UPDATE
1770586475.1989863,-0.2095109279715282,0.016111576517363568,0.46726399122943696,CV_UPDATE
1770586475.2094078,-0.20951088257125414,0.016063323449962103,0.4673338966298591,CV_UPDATE
1770586475.2200522,-0.20953151989052465,0.016001272041531744,0.4674429087949284,CV_UPDATE
1770586475.2305202,-0.20955193542237688,0.0159398874940195,0.4675507494160421,CV_UPDATE
1770586475.2408571,-0.20957213272299605,0.015879159114839825,0.46765743727797765,CV_UPDATE
1770586475.2516136,-0.2095921152729441,0.01581907643878806,0.46776299076604894,CV_UPDATE
1770586475.2621155,-0.20960258507903445,0.015760790177417876,0.46785539873706444,CV_UPDATE
1770586475.2725754,-0.2096129447346136,0.01570311713289535,0.46794683450428176,CV_UPDATE
1770586475.283382,-0.20962319596888893,0.015646047678582378,0.46803731332992693,CV_UPDATE
1770586475.294012,-0.20963334047506144,0.015589572388291402,0.4681268501584285,CV_UPDATE
1770586475.3047032,-0.20964337991125806,0.015533682031095102,0.4682154596246462,CV_UPDATE
1770586475.3153703,-0.20965331590143516,0.015478367566296497,0.46830315606184575,CV_UPDATE
1770586475.3259914,-0.2096631500362542,0.015423620138553747,0.46838995350942764,CV_UPDATE
1770586475.336748,-0.2097120397132974,0.015348890577236514,0.46853877226172014,CV_UPDATE
1770586475.346886,-0.2097604333002641,0.015274919306749492,0.46868608093027553,CV_UPDATE
1770586475.3581765,-0.20978228694447026,0.015213893609736993,0.4687869129203685,CV_UPDATE
1770586475.3687594,-0.20980392106437504,0.015153480928264549,0.4688867320326102,CV_UPDATE
1770586475.3792348,-0.2098253389511973,0.015093672071694379,0.46898555345257564,CV_UPDATE
1770586475.389669,-0.20984654383069162,0.015034458032196015,0.4690833920637896,CV_UPDATE
1770586475.4002945,-0.2099968302623031,0.014909038022084688,0.46939399239048785,CV_UPDATE
1770586475.4107218,-0.21014563676844325,0.014784853068695283,0.46970153412214233,CV_UPDATE
1770586475.421181,-0.21029298510205877,0.014661885018327823,0.47000606221605395,CV_UPDATE
1770586475.4314647,-0.21036754630193275,0.014572321627914716,0.47019540832011986,CV_UPDATE
1770586475.4417725,-0.21044138395789722,0.014483627363075728,0.4703829170044471,CV_UPDATE
1770586475.4524162,-0.2105091994679447,0.014395087115029674,0.4705684936398619,CV_UPDATE
1770586475.462801,-0.21057636321912576,0.014307397806417028,0.47075228674201947,CV_UPDATE
1770586475.4736137,-0.21064288456235677,0.014220547228637597,0.47093432189963225,CV_UPDATE
1770586475.4842608,-0.21070821600559045,0.014139675836899028,0.4710983098615303,CV_UPDATE
1770586475.4948032,-0.21077292848678497,0.014059570635513266,0.47126074417149183,CV_UPDATE
1770586475.5055873,-0.2108370307607075,0.013980220787275883,0.47142164680479176,CV_UPDATE
1770586475.5160017,-0.21090053141779358,0.01390161565840253,0.47158103932421747,CV_UPDATE
1770586475.5265412,-0.21088730830925378,0.013849345882821306,0.47164297920038106,CV_UPDATE
1770586475.537344,-0.21087420814918947,0.013797562111662038,0.4717043431595185,CV_UPDATE
1770586475.5481179,-0.21089768806512205,0.013726780806049806,0.47182317809736485,CV_UPDATE
1770586475.5585673,-0.21092095167597924,0.013656651562211984,0.4719409182868202,CV_UPDATE
1770586475.5690935,-0.21094400195707158,0.01358716541093572,0.4720575787863218,CV_UPDATE
1770586475.5804725,-0.21096684182939082,0.013518313546754628,0.47217317437939255,CV_UPDATE
1770586475.5910373,-0.2110882300826436,0.013401550479587838,0.47244403214735337,CV_UPDATE
1770586475.6017194,-0.21120852029651827,0.013285843613842727,0.4727124398224335,CV_UPDATE
1770586475.6125855,-0.21129295360383485,0.01318817187420066,0.4729227487451236,CV_UPDATE
1770586475.6231804,-0.21137663000117998,0.013091375721646375,0.47313117233457574,CV_UPDATE
1770586475.6339083,-0.21145955962121726,0.012995443434799848,0.47333773582952143,CV_UPDATE
1770586475.644328,-0.21154175241655407,0.01290036350056857,0.47354246402020284,CV_UPDATE
1770586475.6550167,-0.21162321816372337,0.012806124609541463,0.47374538125829085,CV_UPDATE
1770586475.6658175,-0.2116958314878228,0.012713325515644447,0.47393977721272623,CV_UPDATE
1770586475.6764674,-0.21176780813218443,0.012621340092013954,0.4741324686870701,CV_UPDATE
1770586475.6873739,-0.21183915643395013,0.012530157683866922,0.4743234780010094,CV_UPDATE
1770586475.6985219,-0.21187748623334776,0.012454317761998082,0.47446113546321567,CV_UPDATE
1770586475.7095647,-0.2119154843166104,0.012379134178700154,0.47459760160164693,CV_UPDATE
1770586475.720475,-0.21195315497132272,0.012304598450493117,0.47473289181471473,CV_UPDATE
1770586475.7310069,-0.21202751873708703,0.01220736279588915,0.4749270263490217,CV_UPDATE
1770586475.741588,-0.2121012471866124,0.012110957860248055,0.47511950232259126,CV_UPDATE
1770586475.752246,-0.2121743484268692,0.012015373043157713,0.4753103408995333,CV_UPDATE
1770586475.763165,-0.2122040939464016,0.011947550764897697,0.47542290602924375,CV_UPDATE
1770586475.7738075,-0.21223358855476124,0.011880300585146834,0.47553452164288745,CV_UPDATE
1770586475.7842321,-0.21226283541336563,0.011813615295608074,0.4756451997041276,CV_UPDATE
1770586475.7948747,-0.21231223694359405,0.01173954466318337,0.4757801154764085,CV_UPDATE
1770586475.8054624,-0.21236122696586554,0.011666091028946295,0.47591390741884954,CV_UPDATE
1770586475.8159196,-0.21240981060056116,0.011593246715607079,0.4760465895152313,CV_UPDATE
1770586475.826382,-0.21246862512285217,0.011516244920981508,0.4761907847763219,CV_UPDATE
1770586475.8371494,-0.21252695577412473,0.011439876625283339,0.47633379373333107,CV_UPDATE
1770586475.8476489,-0.21258480850117548,0.011364134042782205,0.4764756309659895,CV_UPDATE
1770586475.8583124,-0.21266637684672252,0.011269661330060932,0.47667796251442235,CV_UPDATE
1770586475.8691084,-0.21274728230445528,0.011175956376077744,0.47687864975933275,CV_UPDATE
1770586475.880561,-0.21282753292238446,0.011083009859601502,0.47707771266393634,CV_UPDATE
1770586475.8912535,-0.21290873152010711,0.010990325476106474,0.4772805981641812,CV_UPDATE
1770586475.9015958,-0.21298927818207927,0.010898385246633887,0.4774818547162106,CV_UPDATE
1770586475.912206,-0.21306918072840192,0.010807180244905982,0.4776815018595872,CV_UPDATE
1770586475.9230983,-0.21314844685460252,0.010716701686839789,0.4778795588226103,CV_UPDATE
1770586475.933437,-0.21319440793844324,0.010652574994591586,0.47799731263902157,CV_UPDATE
1770586475.9442708,-0.2132400058371094,0.010588955032428316,0.4781141359630076,CV_UPDATE
1770586475.9549499,-0.21328524483850153,0.010525835817704346,0.47823003978031137,CV_UPDATE
1770586475.9654744,-0.21333012916328534,0.010463211461582682,0.4783450349044179,CV_UPDATE
1770586475.976024,-0.21337466296620436,0.010401076167203475,0.4784591319799176,CV_UPDATE
1770586475.9865682,-0.21336858162258626,0.01035014411338387,0.47852581061620114,CV_UPDATE
1770586475.997192,-0.21336254740290167,0.010299606728714359,0.47859197256409813,CV_UPDATE
1770586476.0079074,-0.21335655976152418,0.010249459443501965,0.4786576238061063,CV_UPDATE
1770586476.01856,-0.21343063577405968,0.010162652151384819,0.4788472116446431,CV_UPDATE
1770586476.0292037,-0.21350414437171555,0.010076509794481133,0.47903534725921565,CV_UPDATE
1770586476.039952,-0.21357709204912986,0.009991024761933828,0.47922204727199824,CV_UPDATE
1770586476.0505157,-0.21364948520220048,0.009906189558596307,0.47940732805245256,CV_UPDATE
1770586476.0612414,-0.2137213301299544,0.009821996802841805,0.47959120572211206,CV_UPDATE
1770586476.071543,-0.21372624988840433,0.009774379145452407,0.4796646209154163,CV_UPDATE
1770586476.0822928,-0.21373113267009025,0.009727119381015954,0.4797374843222244,CV_UPDATE
1770586476.0932348,-0.2137359788903259,0.009680213489768844,0.4798098021400635,CV_UPDATE
1770586476.1037087,-0.2137724697183669,0.00961536126105395,0.4799330901799726,CV_UPDATE
1770586476.1143475,-0.21380868933995645,0.00955099102586351,0.4800554619208114,CV_UPDATE
1770586476.1250122,-0.21384464076738394,0.009487097430696692,0.48017692753991126,CV_UPDATE
1770586476.1354725,-0.2138706045880838,0.00942832741787208,0.48028526843467284,CV_UPDATE
1770586476.146111,-0.2138963775684992,0.00936998937868087,0.48039281299797715,CV_UPDATE
1770586476.156707,-0.21393765980709245,0.009299904332312502,0.48054327793860985,CV_UPDATE
1770586476.1671827,-0.2139786408254114,0.009230330668989506,0.4806926449956918,CV_UPDATE
1770586476.1776884,-0.21401932390830092,0.009161262812015642,0.4808409261417808,CV_UPDATE
1770586476.188351,-0.21405971229301668,0.00909269526548708,0.48098813317598216,CV_UPDATE
1770586476.199648,-0.2140998091700838,0.009024622612834581,0.4811342777270785,CV_UPDATE
1770586476.2104747,-0.21413961768413717,0.00895703951539713,0.481279371256592,CV_UPDATE
1770586476.2215464,-0.21416337711474018,0.00887422156984049,0.4814390492756382,CV_UPDATE
1770586476.2319517,-0.21418696689571373,0.008791994969842986,0.48159758714460194,CV_UPDATE
1770586476.2424886,-0.2142152438594012,0.00871223762819533,0.4817586404646012,CV_UPDATE
1770586476.2529008,-0.2142390704291524,0.008651105608492818,0.4818811794413468,CV_UPDATE
1770586476.2632918,-0.2142627286727309,0.008590405464591807,0.48200285272415566,CV_UPDATE
1770586476.273718,-0.21428622036760417,0.008530132636029768,0.4821236694544632,CV_UPDATE
1770586476.2843924,-0.21433171540355042,0.008452118994433107,0.48230072708964117,CV_UPDATE
1770586476.2949135,-0.2143768924035935,0.008374650712092627,0.48247654699231174,CV_UPDATE
1770586476.3056128,-0.21442175469099262,0.008297722090374512,0.48265114209593896,CV_UPDATE
1770586476.3160336,-0.21444994946116927,0.008228174652606552,0.4828024787063985,CV_UPDATE
1770586476.3262796,-0.2144779491793212,0.008159108345504575,0.4829527683669413,CV_UPDATE
1770586476.3368196,-0.2145057558625324,0.008090518193570484,0.4831020219043504,CV_UPDATE
1770586476.3472364,-0.21453337150017018,0.008022399289674416,0.48325024999663824,CV_UPDATE
1770586476.3576746,-0.21456465268992553,0.007951113388347477,0.4834061970674947,CV_UPDATE
1770586476.36819,-0.21459572042905137,0.007880313914187557,0.4835610800164074,CV_UPDATE
1770586476.3786294,-0.21462657689487474,0.007809995905339844,0.48371490969807146,CV_UPDATE
1770586476.38946,-0.21466807977009003,0.007727037605651558,0.48390925623122644,CV_UPDATE
1770586476.3997808,-0.2147093023151789,0.007644639645711252,0.48410229005561306,CV_UPDATE
1770586476.410348,-0.21475024736080572,0.007562796367426551,0.48429402442645286,CV_UPDATE
1770586476.4212182,-0.21479091769965208,0.007481502188627156,0.48448447242110454,CV_UPDATE
1770586476.4318717,-0.214814074792383,0.007416829840715878,0.4846283897622715,CV_UPDATE
1770586476.442371,-0.21483707755593873,0.0073525884981222355,0.4847713479742071,CV_UPDATE
1770586476.4531972,-0.214859927527973,0.007288773866538847,0.4849133566131641,CV_UPDATE
1770586476.4639297,-0.21488262622578,0.007225381708517745,0.48505442510886415,CV_UPDATE
1770586476.4742815,-0.21490455209541895,0.007160359652340313,0.4852012514113663,CV_UPDATE
1770586476.4854126,-0.2149263337633503,0.007095765232178516,0.4853471120689983,CV_UPDATE
1770586476.496232,-0.2149235123102812,0.0070363024125341634,0.48547398240526235,CV_UPDATE
1770586476.5068038,-0.21492070929205737,0.006977228111802874,0.48560002379454004,CV_UPDATE
1770586476.5260084,-0.21493739842147255,0.006906848721480529,0.48576650649392245,CV_UPDATE
1770586476.5365155,-0.21495397921509146,0.006836926191854857,0.4859319084876938,CV_UPDATE
1770586476.5471916,-0.21497045272437768,0.006767456088820098,0.4860962402647471,CV_UPDATE
1770586476.557756,-0.21498681998723185,0.006698434035466312,0.4862595121786785,CV_UPDATE
1770586476.5682187,-0.21498881387714086,0.006636886982839336,0.48639969040202335,CV_UPDATE
1770586476.5784957,-0.21499079498979956,0.006575734336188822,0.48653897033492705,CV_UPDATE
1770586476.5891752,-0.21501363143654342,0.006490358266137295,0.4867404271210585,CV_UPDATE
1770586476.6001344,-0.215036322474521,0.006405525819581799,0.48694060115146803,CV_UPDATE
1770586476.6112342,-0.21505886948813824,0.00632123182079879,0.4871395046389997,CV_UPDATE
1770586476.6220071,-0.21508127384428238,0.006237471159559489,0.48733714964195346,CV_UPDATE
1770586476.6328564,-0.21507382267678327,0.006174713645616224,0.48749038842144116,CV_UPDATE
1770586476.6434827,-0.21506641835724077,0.0061123507089376125,0.4876426637379959,CV_UPDATE
1770586476.6542902,-0.21507072460134855,0.006049290859079649,0.4877959137572063,CV_UPDATE
1770586476.6648386,-0.21507500393983864,0.005986625010158005,0.4879482062630196,CV_UPDATE
1770586476.6755254,-0.21507925662408714,0.005924349481067701,0.4880995502013722,CV_UPDATE
1770586476.6862085,-0.21508348290234838,0.005862460636417573,0.4882499544071054,CV_UPDATE
1770586476.6964557,-0.21507733527253217,0.005795402988247145,0.4884118002582432,CV_UPDATE
1770586476.7069046,-0.21505775928771304,0.005739795973668516,0.48854425060018547,CV_UPDATE
1770586476.7172825,-0.21503830373343724,0.005684531050843677,0.4886758861138168,CV_UPDATE
1770586476.7279477,-0.2150189675017881,0.005629605072654378,0.4888067142952578,CV_UPDATE
1770586476.738701,-0.21499974949839726,0.00557501493046746,0.48893674254896147,CV_UPDATE
1770586476.749402,-0.21499075849105828,0.005510079284025156,0.4891043691390538,CV_UPDATE
1770586476.7599213,-0.214981822123691,0.005445538263206932,0.4892709770321538,CV_UPDATE
1770586476.770613,-0.21497293989971883,0.005381388281593908,0.4894365754863377,CV_UPDATE
1770586476.7812212,-0.21496085017014072,0.005318476168533189,0.4895940146967234,CV_UPDATE
1770586476.7915654,-0.2149488332483288,0.005255942929986537,0.4897505057637163,CV_UPDATE
1770586476.8022275,-0.21493688847855422,0.005193785153694743,0.48990605722658437,CV_UPDATE
1770586476.8128173,-0.2149250152129387,0.005131999468251747,0.49006067752235954,CV_UPDATE
1770586476.8234808,-0.21488597245291516,0.005070185280317902,0.4902023848547477,CV_UPDATE
1770586476.834226,-0.2148471620211274,0.005008738924505056,0.49034324894207554,CV_UPDATE
1770586476.8450167,-0.21480858184998508,0.004947657127314654,0.4904832772887488,CV_UPDATE
1770586476.8555784,-0.21477022989635913,0.0048869366539763094,0.49062247731039,CV_UPDATE
1770586476.8663042,-0.2147489075222288,0.004819108075917718,0.4907950818132702,CV_UPDATE
1770586476.876916,-0.21472771053694958,0.004751678372178789,0.4909666712940811,CV_UPDATE
1770586476.887442,-0.21470663783771715,0.004684644034630062,0.49113725468001773,CV_UPDATE
1770586476.89834,-0.21469317565902793,0.004612684400859005,0.49133171158456224,CV_UPDATE
1770586476.9087887,-0.21467979195412878,0.004541144234495533,0.49152503496008,CV_UPDATE
1770586476.9195113,-0.21466648603885416,0.004470019878456753,0.49171723468912565,CV_UPDATE
1770586476.93032,-0.21465325723696857,0.00439930771804845,0.49190832053970684,CV_UPDATE
1770586476.9413066,-0.21464010488005197,0.004329004180352707,0.49209830216693884,CV_UPDATE
1770586476.9521303,-0.21462702830738728,0.004259105733626111,0.4922871891146708,CV_UPDATE
1770586476.9628267,-0.21461402686584963,0.004189608886708345,0.49247499081708396,CV_UPDATE
1770586476.9737332,-0.21460109990979773,0.004120510188440923,0.4926617166002624,CV_UPDATE
1770586476.9842703,-0.21458824680096691,0.00405180622709591,0.49284737568373693,CV_UPDATE
1770586476.99481,-0.21457546690836413,0.003983493629814382,0.49303197718200226,CV_UPDATE
1770586477.005445,-0.21456275960816465,0.003915569062054477,0.49321553010600877,CV_UPDATE
1770586477.0162468,-0.21455012428361062,0.0038480292270488044,0.49339804336462867,CV_UPDATE
1770586477.0270464,-0.21453756032491117,0.0037808708652710657,0.49357952576609737,CV_UPDATE
1770586477.0378015,-0.2145250671291444,0.0037140907539116755,0.4937599860194305,CV_UPDATE
1770586477.0485237,-0.21451264410016094,0.0036476857063622225,0.4939394327358171,CV_UPDATE
1770586477.0595412,-0.21452214001210665,0.003548983999026055,0.49421866098438577,CV_UPDATE
1770586477.0699432,-0.2145315828890792,0.00345083354389506,0.4944963297342191,CV_UPDATE
1770586477.0810537,-0.21454097317414433,0.0033532297356876576,0.4947724520137108,CV_UPDATE
1770586477.0916996,-0.2145214490238704,0.003274018579153535,0.4950030641611748,CV_UPDATE
1770586477.1024723,-0.21450203301067913,0.0031952461440624153,0.495232399032829,CV_UPDATE
1770586477.1134481,-0.21448272423865433,0.0031169087956053254,0.49546046721090875,CV_UPDATE
1770586477.1240838,-0.21446352182174946,0.0030390029390152534,0.49568727916107286,CV_UPDATE
1770586477.135003,-0.21441010444420663,0.0029779927533683144,0.4958477748279715,CV_UPDATE
1770586477.1459196,-0.21435697968445366,0.002917316778543873,0.4960073913074316,CV_UPDATE
1770586477.1566617,-0.21430414514463927,0.0028569722758572326,0.4961661358039392,CV_UPDATE
1770586477.167511,-0.21425159845303962,0.0027969565364649894,0.4963240154434786,CV_UPDATE
1770586477.178579,-0.21419933726370347,0.0027372668809596914,0.4964810372745989,CV_UPDATE
1770586477.1893919,-0.2141473592561031,0.0026779006589710843,0.4966372082694628,CV_UPDATE
1770586477.2005417,-0.21409566213479075,0.0026188552487738234,0.4967925353248786,CV_UPDATE
1770586477.2111142,-0.2140442436290608,0.0025601280569015274,0.49694702526331563,CV_UPDATE
1770586477.2218933,-0.21399310149261722,0.002501716517767056,0.49710068483390296,CV_UPDATE
1770586477.232653,-0.2139422335032465,0.002443618093288894,0.49725352071341233,CV_UPDATE
1770586477.2430341,-0.2138916374624958,0.002385830272523526,0.4974055395072253,CV_UPDATE
1770586477.2536943,-0.2138413111953561,0.0023283505713036948,0.49755674775028486,CV_UPDATE
1770586477.2641366,-0.21379125254995074,0.0022711765318824267,0.49770715190803166,CV_UPDATE
1770586477.2750134,-0.21377282847080126,0.0021884276366729905,0.49795919518904785,CV_UPDATE
1770586477.2860496,-0.21375450184777,0.0021061164505098884,0.4982099052604316,CV_UPDATE
1770586477.2966945,-0.2137189584170055,0.00203099645460594,0.4984343825807824,CV_UPDATE
1770586477.306859,-0.21368360200771305,0.001956271723084543,0.49865767875238104,CV_UPDATE
1770586477.3176622,-0.21364843114766904,0.001881939144444392,0.498879803073171,CV_UPDATE
1770586477.328246,-0.21360323675293136,0.0017784556431748226,0.4991398300806845,CV_UPDATE
1770586477.3390365,-0.2135582782986517,0.0016755123846683415,0.49939849959925253,CV_UPDATE
1770586477.34993,-0.21351355394202517,0.0015731051493772027,0.4996558222314963,CV_UPDATE
1770586477.3604155,-0.21345420040500174,0.001481542443746442,0.49988569065538263,CV_UPDATE
1770586477.370978,-0.21339515431960754,0.0013904540334051438,0.5001143683596425,CV_UPDATE
1770586477.3817449,-0.2133364133031123,0.0012998362425954463,0.5003418645722761,CV_UPDATE
1770586477.3924832,-0.21327797499734363,0.0012096854334441342,0.5005681884261742,CV_UPDATE
1770586477.4031515,-0.21321983706837153,0.0011199980054758152,0.5007933489603401,CV_UPDATE
1770586477.4135032,-0.21316199720619752,0.0010307703951335835,0.5010173551210932,CV_UPDATE
1770586477.4237921,-0.21310445312444887,0.0009419990753070369,0.501240215763254,CV_UPDATE
1770586477.4342535,-0.2130569686267978,0.0008559713363728928,0.5014761137744894,CV_UPDATE
1770586477.4449162,-0.21300972571906102,0.0007703812862656841,0.5017108115923327,CV_UPDATE
1770586477.4553742,-0.21295022281739734,0.0006807939286621725,0.5019397947518859,CV_UPDATE
1770586477.466009,-0.21289102111999417,0.0005916600631244847,0.5021676187964831,CV_UPDATE
1770586477.476382,-0.21279870493310393,0.0005358556975186761,0.502297899344029,CV_UPDATE
1770586477.487123,-0.21270685369804895,0.00048033239142234005,0.502427523731678,CV_UPDATE
1770586477.4977334,-0.2126154639110475,0.0004250880268286232,0.5025564969041164,CV_UPDATE
1770586477.5082839,-0.21258801825749638,0.0003443364141881294,0.5028054356303228,CV_UPDATE
1770586477.518551,-0.21253355783127256,0.0002758466379702571,0.5030098493778561,CV_UPDATE
1770586477.5293136,-0.21247936896040265,0.0002076983714817184,0.5032132438596325,CV_UPDATE
1770586477.54026,-0.21242544961885812,0.00013988906677626125,0.5034156266802213,CV_UPDATE
1770586477.5506492,-0.21237179780071497,7.24162011911487e-05,0.5036170053687308,CV_UPDATE
1770586477.561422,-0.21229845218801482,2.1182734910135637e-06,0.5038095014027617,CV_UPDATE
1770586477.571932,-0.21222546868646106,-6.783258964382838e-05,0.5040010470737513,CV_UPDATE
1770586477.582315,-0.2121496430712601,-0.00013135932628671921,0.5041808661152974,CV_UPDATE
1770586477.592598,-0.2120741899719776,-0.00019457396891515223,0.504359801742245,CV_UPDATE
1770586477.60307,-0.2119991066501971,-0.0002574788117757419,0.5045378604486979,CV_UPDATE
1770586477.6136618,-0.21192439039427718,-0.0003200761266829677,0.5047150486652634,CV_UPDATE
1770586477.6243954,-0.21185998844116416,-0.00040410694851298896,0.5049367820555046,CV_UPDATE
1770586477.6351123,-0.21179589980331803,-0.0004877289607014144,0.5051574367136115,CV_UPDATE
1770586477.6455483,-0.2117321221998706,-0.0005709451392951375,0.5053770204925234,CV_UPDATE
1770586477.656498,-0.21166865337203894,-0.0006537584315243303,0.505595541169141,CV_UPDATE
1770586477.6675818,-0.21159562995794406,-0.0007360356771606499,0.505815089961158,CV_UPDATE
1770586477.6778905,-0.21152295837913754,-0.0008179165014737398,0.5060335809416019,CV_UPDATE
1770586477.6887958,-0.21141800673010835,-0.0008844862355194435,0.5061942273116917,CV_UPDATE
1770586477.6993332,-0.21131355832562018,-0.0009507367668125906,0.5063541033803186,CV_UPDATE
1770586477.7100246,-0.21120960955473397,-0.001016670385734089,0.5065132146746397,CV_UPDATE
1770586477.7204337,-0.2111061568409744,-0.0010822893608048525,0.5066715666690594,CV_UPDATE
1770586477.7311168,-0.2110330061831319,-0.0011582367961678562,0.5068764813065004,CV_UPDATE
1770586477.742094,-0.21096020295182866,-0.0012338235217927312,0.5070804227089025,CV_UPDATE
1770586477.7530193,-0.21088774467779292,-0.0013090521013592081,0.5072833977933591,CV_UPDATE
1770586477.7638638,-0.2107902756418915,-0.0013581727148243767,0.507412570597636,CV_UPDATE
1770586477.7742355,-0.2106932662571851,-0.0014070616819162128,0.5075411342399027,CV_UPDATE
1770586477.7846205,-0.21059671327984028,-0.001455720637400936,0.5076690930191147,CV_UPDATE
1770586477.7952366,-0.21051800599140383,-0.0015159613437642511,0.5078369262737732,CV_UPDATE
1770586477.805984,-0.210439667269057,-0.0015759199583159841,0.5080039736082507,CV_UPDATE
1770586477.8165371,-0.21036169452999606,-0.0016355984578733153,0.5081702405300467,CV_UPDATE
1770586477.8271382,-0.21029150263526794,-0.0016981488500071623,0.508350552136067,CV_UPDATE
1770586477.8378954,-0.21022163713856226,-0.0017604083777274598,0.5085300252784462,CV_UPDATE
1770586477.848453,-0.21015209576849406,-0.0018223790651428614,0.5087086657920042,CV_UPDATE
1770586477.8594346,-0.21008511033834174,-0.0019027268523337413,0.5089220348211247,CV_UPDATE
1770586477.870014,-0.21001843423827554,-0.0019827036037952704,0.509134418539559,CV_UPDATE
1770586477.8804188,-0.20995206533056165,-0.002062311883699732,0.5093458237566413,CV_UPDATE
1770586477.89125,-0.20987896012903975,-0.002120478267865555,0.509508178806024,CV_UPDATE
1770586477.9018517,-0.20980619019558264,-0.0021783778949382077,0.5096697892782482,CV_UPDATE
1770586477.9124508,-0.2097337532291054,-0.00223601259578312,0.5098306602836584,CV_UPDATE
1770586477.9227393,-0.2096657870904674,-0.0023108969593301056,0.5100248142019065,CV_UPDATE
1770586477.9336758,-0.20959813052203502,-0.002385440241740462,0.5102180837934943,CV_UPDATE
1770586477.9445906,-0.20953078141358186,-0.002459644768038978,0.5104104750865518,CV_UPDATE
1770586477.9550753,-0.20945219584160685,-0.0025173450854601037,0.5105624351338796,CV_UPDATE
1770586477.9656093,-0.209373965780023,-0.0025747843745282726,0.5107137077347141,CV_UPDATE
1770586477.9762235,-0.20929608882185416,-0.0026319644025309115,0.5108642975433987,CV_UPDATE
1770586477.9871104,-0.2092185625818036,-0.002688886920837524,0.5110142091723548,CV_UPDATE
1770586477.9981363,-0.2091398764381781,-0.0027489658989767627,0.5111751340581903,CV_UPDATE
1770586478.0089734,-0.2090615430681174,-0.0028087755250508174,0.5113353374695319,CV_UPDATE
1770586478.0192935,-0.20897619145441862,-0.002860010664549033,0.5114640534845054,CV_UPDATE
1770586478.0300703,-0.2088912207896763,-0.002911017126789948,0.5115921950026481,CV_UPDATE
1770586478.0406442,-0.20880662852914128,-0.0029617964393437515,0.5117197658616139,CV_UPDATE
1770586478.0511599,-0.2087224121506793,-0.0030123501162052477,0.5118467698649524,CV_UPDATE
1770586478.0620196,-0.2086385691545204,-0.0030626796579443253,0.5119732107824857,CV_UPDATE
1770586478.0724323,-0.2085550970630116,-0.003112786551854431,0.5120990923506824,CV_UPDATE
1770586478.0829177,-0.20847199342037284,-0.003162672272099076,0.5122244182730252,CV_UPDATE
1770586478.0935712,-0.20838925579245612,-0.003212338279856407,0.5123491922203742,CV_UPDATE
1770586478.1038551,-0.20830688176650786,-0.003261786023461871,0.5124734178313253,CV_UPDATE
1770586478.114365,-0.20822486895093428,-0.0033110169385490037,0.5125970987125638,CV_UPDATE
1770586478.1246183,-0.20814321497507005,-0.0033600324481883694,0.5127202384392137,CV_UPDATE
1770586478.134897,-0.20806095600425337,-0.0034230887002296645,0.5128727149752094,CV_UPDATE
1770586478.1454,-0.20799299592402581,-0.0034894300641183356,0.5130460120583608,CV_UPDATE
1770586478.1559699,-0.20792533125818743,-0.0035554830499853218,0.5132185558396946,CV_UPDATE
1770586478.1667027,-0.2078381822529167,-0.0036011605781710214,0.513340392895758,CV_UPDATE
1770586478.177255,-0.2077530723464429,-0.003646938465703046,0.5134649810146336,CV_UPDATE
1770586478.187514,-0.20766833000596555,-0.003692518651280711,0.5135890310721019,CV_UPDATE
1770586478.1979892,-0.2075719950074843,-0.0037272435999780996,0.5136701749087222,CV_UPDATE
1770586478.2083294,-0.20747607426399545,-0.003761819226169802,0.5137509698146326,CV_UPDATE
1770586478.2189372,-0.20739607085473524,-0.003802101254358774,0.5138616130880049,CV_UPDATE
1770586478.2294142,-0.20731640999914344,-0.003842210805441392,0.5139717826158265,CV_UPDATE
1770586478.2400002,-0.20723708950183234,-0.003882148984803939,0.5140814814342791,CV_UPDATE
1770586478.2506506,-0.20715810718613414,-0.003921916888407106,0.5141907125536549,CV_UPDATE
1770586478.2612376,-0.2070984568222325,-0.003985961362975671,0.5143638896563045,CV_UPDATE
1770586478.2719219,-0.2070390596969804,-0.004049733944211319,0.5145363315558014,CV_UPDATE
1770586478.282314,-0.20697991420115108,-0.004113236359883588,0.5147080429240569,CV_UPDATE
1770586478.2929895,-0.20689595446757525,-0.004151356162032672,0.5148157742887374,CV_UPDATE
1770586478.3035727,-0.20681234891975592,-0.004189315155060689,0.5149230511865767,CV_UPDATE
1770586478.3145,-0.20672909532120123,-0.004227114354390419,0.5150298764872876,CV_UPDATE
1770586478.3251717,-0.20664619145420948,-0.00426475476691347,0.5151362530364728,CV_UPDATE
1770586478.3360224,-0.2065636351196721,-0.004302237391079686,0.5152421836558773,CV_UPDATE
1770586478.3468573,-0.20649462220830866,-0.004339000189589954,0.5153629031431994,CV_UPDATE
1770586478.3573415,-0.2064258973909188,-0.004375609522024202,0.5154831186877651,CV_UPDATE
1770586478.3681247,-0.20635745886729018,-0.004412066347345624,0.5156028334385604,CV_UPDATE
1770586478.378662,-0.206289304852178,-0.00444837161654432,0.51572205051839,CV_UPDATE
1770586478.3895702,-0.20622143357514966,-0.0044845262727199985,0.5158407730241487,CV_UPDATE
1770586478.400657,-0.20615384328043151,-0.00452053125116363,0.5159590040270889,CV_UPDATE
1770586478.411267,-0.20608653222675746,-0.004556387479438108,0.5160767465730867,CV_UPDATE
1770586478.4218302,-0.20602250949703177,-0.004587121715635162,0.5161829619870706,CV_UPDATE
1770586478.4322855,-0.20595875018112927,-0.004617729499512952,0.5162887403905053,CV_UPDATE
1770586478.443218,-0.2058952526567107,-0.004648211609878618,0.516394084474895,CV_UPDATE
1770586478.4539497,-0.20583201531473183,-0.004678568819156943,0.5164989969096867,CV_UPDATE
1770586478.4646323,-0.20576903655930778,-0.004708801893455597,0.516603480342496,CV_UPDATE
1770586478.4753594,-0.2057063148075786,-0.004738911592629589,0.5167075373993297,CV_UPDATE
1770586478.4860575,-0.20562274471177644,-0.004777037188643781,0.5168067353637017,CV_UPDATE
1770586478.4964442,-0.20553951426277697,-0.004815007834054379,0.5169055301662595,CV_UPDATE
1770586478.5073245,-0.2054566213941831,-0.004852824471574446,0.517003924259823,CV_UPDATE
1770586478.5184855,-0.20537406405632633,-0.004890488036285283,0.517101920077355,CV_UPDATE
1770586478.529134,-0.20529184021609773,-0.0049279994557135075,0.5171995200321622,CV_UPDATE
1770586478.539451,-0.20520994785678115,-0.00496535964990719,0.5172967265180929,CV_UPDATE
1770586478.549646,-0.2051283849778883,-0.005002569531511076,0.5173935419097331,CV_UPDATE
1770586478.5601416,-0.15853945763979027,-0.011185301423164387,0.5394859316173977,CV_UPDATE
1770586478.5708694,-0.15853945763979027,-0.011185301423164387,0.5394859316173977,CV_UPDATE
1770586478.5814435,-0.1629096679153793,-0.012478370090177588,0.5445430545145014,CV_UPDATE
1770586478.5919416,-0.16446038769058832,-0.012937200907504854,0.5463375174779898,CV_UPDATE
1770586478.6028397,-0.16525465879496368,-0.01317221181394077,0.5472566326544106,CV_UPDATE
1770586478.613018,-0.1660309848289386,-0.013240570944964712,0.5480380316038715,CV_UPDATE
1770586478.6238143,-0.16658672740944572,-0.014181853100101673,0.5508280105140465,CV_UPDATE
1770586478.634233,-0.1664856537907474,-0.01357072792612,0.5493852917229456,CV_UPDATE
1770586478.644858,-0.16640953662111038,-0.01311049785682516,0.5482987997938449,CV_UPDATE
1770586478.6555161,-0.16550861013570398,-0.013394795308139043,0.5482713208933895,CV_UPDATE
1770586478.6660893,-0.16478608493453648,-0.013622796234440276,0.5482492833593609,CV_UPDATE
1770586478.6767597,-0.16419374445430004,-0.013809715912759304,0.5482312165521843,CV_UPDATE
1770586478.6871395,-0.16369931149145808,-0.013965739776480145,0.5482161359941278,CV_UPDATE
1770586478.6983786,-0.1632803644771416,-0.014097943202991698,0.5482033578113471,CV_UPDATE
1770586478.7089782,-0.1629208425712388,-0.014211394370423599,0.5481923921367623,CV_UPDATE
1770586478.7197711,-0.1626089394608198,-0.014309818893162532,0.5481828788694072,CV_UPDATE
1770586478.73001,-0.16233578207840318,-0.014396016767114021,0.5481745473743944,CV_UPDATE
1770586478.7404728,-0.16209457292784815,-0.014472133018381125,0.5481671903232428,CV_UPDATE
1770586478.7510476,-0.16188001672210584,-0.0145398386341491,0.54816064620592,CV_UPDATE
1770586478.7615502,-0.16142439529226782,-0.014153211958953157,0.547291451682833,CV_UPDATE
1770586478.771907,-0.16033349687668272,-0.013346949217968798,0.5450746997439417,CV_UPDATE
1770586478.7822554,-0.15934600115451802,-0.01261710948560855,0.5430680664722439,CV_UPDATE
1770586478.79269,-0.1594386140412494,-0.012542796674908298,0.5431768976263189,CV_UPDATE
1770586478.8029795,-0.1596690948809204,-0.012311739401742246,0.5429967500281112,CV_UPDATE
1770586478.8135128,-0.1598804486799548,-0.01209985700601736,0.5428315524380535,CV_UPDATE
1770586478.8240454,-0.16007496153882708,-0.011904857669712785,0.542679518002582,CV_UPDATE
1770586478.8345017,-0.1602545691977858,-0.011724800811285954,0.5425391337154225,CV_UPDATE
1770586478.8448524,-0.16042092167896158,-0.011558032281894313,0.54240910989226,CV_UPDATE
1770586478.855555,-0.16057543412588998,-0.011403133398722717,0.5422883404337354,CV_UPDATE
1770586478.866542,-0.16071932716065834,-0.011258880486903123,0.5421758712816387,CV_UPDATE
1770586478.8771784,-0.16066685941753103,-0.011006075773794123,0.5416734719690326,CV_UPDATE
1770586478.8876402,-0.16036875910393683,-0.010632564719337267,0.540671934183489,CV_UPDATE
1770586478.8981678,-0.16008923201860395,-0.010282325381669,0.539732797506079,CV_UPDATE
1770586478.9086623,-0.15982659478736974,-0.009953248541745039,0.5388504062472437,CV_UPDATE
1770586478.9280787,-0.15964730042421205,-0.009653702122228039,0.5381866495965699,CV_UPDATE
1770586478.940028,-0.15947822226408329,-0.009371223874763288,0.5375607138376725,CV_UPDATE
1770586478.9504495,-0.159318511315042,-0.009104395391701017,0.5369694559601543,CV_UPDATE
1770586478.9610155,-0.15929243284398165,-0.008927271314107952,0.5367352343145858,CV_UPDATE
1770586478.971647,-0.15926772332153338,-0.008759445088357043,0.5365133077685221,CV_UPDATE
1770586478.9821951,-0.15924427771327684,-0.008600203324281372,0.5363027329639452,CV_UPDATE
1770586478.9927783,-0.1592220014620406,-0.008448903792827929,0.536102660643387,CV_UPDATE
1770586479.0040035,-0.1591413202147852,-0.008270159518250327,0.5358737976961084,CV_UPDATE
1770586479.0147824,-0.1590644718058792,-0.00809990665814197,0.5356558070978693,CV_UPDATE
1770586479.0256202,-0.15899118944843058,-0.00793755416277182,0.5354479320726343,CV_UPDATE
1770586479.036071,-0.1589212305539048,-0.007782564592361768,0.5352494844861855,CV_UPDATE
1770586479.0467317,-0.15885437404938016,-0.007634448173632871,0.5350598372361645,CV_UPDATE
1770586479.05721,-0.15882379305793903,-0.007462335079392101,0.5347304155494503,CV_UPDATE
1770586479.0676677,-0.15878151280015249,-0.007305812874996718,0.5345624077803289,CV_UPDATE
1770586479.0780656,-0.15866524271154184,-0.007073014862608028,0.5341250487519538,CV_UPDATE
1770586479.0884583,-0.1585537086754204,-0.0068496994576486125,0.5337055047552843,CV_UPDATE
1770586479.098791,-0.15844662709583077,-0.006635298839314323,0.533302709021955,CV_UPDATE
1770586479.1093748,-0.15834373657610765,-0.006429289634613471,0.5329156782879731,CV_UPDATE
1770586479.1203327,-0.15824479578842765,-0.006231188652741825,0.5325435047798639,CV_UPDATE
1770586479.1307545,-0.15814958158408776,-0.0060405491014491495,0.5321853491063351,CV_UPDATE
1770586479.1413424,-0.15805788731336487,-0.005856957223032358,0.5318404339382972,CV_UPDATE
1770586479.151774,-0.15796952132833067,-0.005680029296645214,0.5315080383770846,CV_UPDATE
1770586479.16224,-0.15799092328586234,-0.005544378596639598,0.5313203703272185,CV_UPDATE
1770586479.1724322,-0.15793481193841394,-0.005383451833905156,0.5310217538426176,CV_UPDATE
1770586479.1829276,-0.15784719709186712,-0.005161587275422581,0.5306325405939695,CV_UPDATE
1770586479.1934805,-0.15776254721474658,-0.004947230823826049,0.5302564986904532,CV_UPDATE
1770586479.204199,-0.15768071430525069,-0.004740007698405775,0.529892970660598,CV_UPDATE
1770586479.2146008,-0.15760156005073012,-0.0045395676540139875,0.5295413420752553,CV_UPDATE
1770586479.2250636,-0.15752495504756286,-0.004345583005576847,0.5292010380820331,CV_UPDATE
1770586479.2355292,-0.15745077809520916,-0.0041577468404499175,0.5288715202692618,CV_UPDATE
1770586479.2475688,-0.15739583764502615,-0.0039779202138750264,0.5285289681509324,CV_UPDATE
1770586479.258014,-0.157342585073497,-0.0038036182148446784,0.5281969399072061,CV_UPDATE
1770586479.2687695,-0.1572575614059268,-0.0036479575951751777,0.5279608464483336,CV_UPDATE
1770586479.2793663,-0.1571750719758401,-0.0034969366363005946,0.5277317900523187,CV_UPDATE
1770586479.2895882,-0.15710843456186976,-0.0033569572298939904,0.5275452068530357,CV_UPDATE
1770586479.3002896,-0.15704372587189278,-0.0032210293258435833,0.527364024035787,CV_UPDATE
1770586479.3106234,-0.15698086336422612,-0.003088979536031419,0.527188010485792,CV_UPDATE
1770586479.3211436,-0.15691976914088202,-0.002960644226945335,0.5270169480905086,CV_UPDATE
1770586479.332012,-0.15686036962553637,-0.0028358688432153145,0.5268506308379515,CV_UPDATE
1770586479.3423784,-0.1568025952679293,-0.0027145072866735297,0.5266888639890211,CV_UPDATE
1770586479.353157,-0.15674638027220097,-0.0025964213456929268,0.5265314633168501,CV_UPDATE
1770586479.3641496,-0.15669166234693147,-0.002481480170117932,0.5263782544069205,CV_UPDATE
1770586479.3747387,-0.15661717079453383,-0.0023265096567473553,0.526050759457478,CV_UPDATE
1770586479.3849351,-0.15654461157812574,-0.0021755591307534472,0.5257317598374633,CV_UPDATE
1770586479.395834,-0.15647391047225306,-0.0020284741752075266,0.5254209292218024,CV_UPDATE
1770586479.4065905,-0.15640499700496124,-0.0018851081818751564,0.5251179577873213,CV_UPDATE
1770586479.4171174,-0.15632776310602345,-0.0017346920299437338,0.5247956800952092,CV_UPDATE
1770586479.4277422,-0.1562524338655058,-0.0015879852775667236,0.524481350065048,CV_UPDATE
1770586479.4380524,-0.1561547591288022,-0.0014503907032129262,0.5242084405856652,CV_UPDATE
1770586479.4484313,-0.15602742893782212,-0.0012717014275192694,0.523801467423809,CV_UPDATE
1770586479.459092,-0.15591222050146644,-0.0011060735895513346,0.5234520370683311,CV_UPDATE
1770586479.4697995,-0.15579971966643522,-0.0009443382977166061,0.5231108189421241,CV_UPDATE
1770586479.4808483,-0.1556898320912189,-0.000786359923229955,0.5227775269047953,CV_UPDATE
1770586479.4912646,-0.15560114278164877,-0.0006701482327934791,0.5225837624831253,CV_UPDATE
1770586479.5017972,-0.15551446685027548,-0.0005565747192114068,0.5223943967997452,CV_UPDATE
1770586479.5122275,-0.15542973650658734,-0.00044555055498022276,0.5222092817489886,CV_UPDATE
1770586479.523054,-0.15533750326873558,-0.00028919584983767507,0.5218632952940117,CV_UPDATE
1770586479.5335422,-0.1552472949098707,-0.0001362737397586301,0.5215249045899671,CV_UPDATE
1770586479.5440342,-0.1551590454730224,1.332758617103279e-05,0.521193862218258,CV_UPDATE
1770586479.5546944,-0.15506298949411088,0.00010199777753243414,0.5210299077839715,CV_UPDATE
1770586479.565418,-0.15496897508754603,0.00018878337396585672,0.520869438034792,CV_UPDATE
1770586479.5758948,-0.15487693785041473,0.0002737438264154008,0.5207123430437446,CV_UPDATE
1770586479.5863657,-0.15480673646501658,0.0003985832642856129,0.5204606890666938,CV_UPDATE
1770586479.596736,-0.15473798104018277,0.0005208513440122573,0.5202142184877286,CV_UPDATE
1770586479.6071572,-0.15467062735693576,0.0006406267004009477,0.519972772793146,CV_UPDATE
1770586479.6177359,-0.15450634304411356,0.000829313432662989,0.5195816590975681,CV_UPDATE
1770586479.6281397,-0.15434534113514395,0.00101423020024447,0.5191983598614424,CV_UPDATE
1770586479.6388857,-0.15418752422931914,0.0011954888715335378,0.5188226432016989,CV_UPDATE
1770586479.6495492,-0.15403279874182585,0.00137319693221949,0.5184542863198153,CV_UPDATE
1770586479.660009,-0.15388107471868742,0.001547457697838789,0.5180930750612465,CV_UPDATE
1770586479.6705728,-0.15373226566237203,0.0017183705140705898,0.5177388035002487,CV_UPDATE
1770586479.6816747,-0.15365136015428313,0.0018365971668663492,0.5174744143075096,CV_UPDATE
1770586479.6920934,-0.1535719797264598,0.0019525952305424902,0.517215008888432,CV_UPDATE
1770586479.7025201,-0.15353511729296346,0.0020090687220305358,0.5171374864575589,CV_UPDATE
1770586479.713155,-0.15349893686563726,0.002064497375563206,0.5170613982992274,CV_UPDATE
1770586479.7235768,-0.15346341969087432,0.002118909921790053,0.5169867049742292,CV_UPDATE
1770586479.7340345,-0.153418374674632,0.0022103297573009884,0.5168396128849424,CV_UPDATE
1770586479.7447329,-0.1533741405497712,0.0023001038712005656,0.516695168718055,CV_UPDATE
1770586479.7555158,-0.15332710070547298,0.0023591405812530223,0.5166041210085744,CV_UPDATE
1770586479.7659652,-0.15328089268866013,0.002417133317652916,0.5165146833381652,CV_UPDATE
1770586479.7768645,-0.15323549462832078,0.002474109529313109,0.5164268133745116,CV_UPDATE
1770586479.7875926,-0.1531765435944655,0.002537536326878378,0.5163093037973728,CV_UPDATE
1770586479.7981892,-0.15311860808229594,0.0025998705008852445,0.5161938185023554,CV_UPDATE
1770586479.8088827,-0.15306166207503105,0.0026611400433975444,0.5160803056291143,CV_UPDATE
1770586479.8193674,-0.15300568043706786,0.002721371998399052,0.5159687150737945,CV_UPDATE
1770586479.830218,-0.15295063887698818,0.0027805925015953283,0.5158589984152894,CV_UPDATE
1770586479.8408194,-0.15289651391241357,0.002838826818227137,0.5157511088451857,CV_UPDATE
1770586479.8513234,-0.15280654390529788,0.0029335382587630915,0.5155441860928258,CV_UPDATE
1770586479.8620024,-0.15277135936514263,0.0030177807552911108,0.5153927770500469,CV_UPDATE
1770586479.8724325,-0.1527367464665821,0.0031006545678787883,0.5152438279429753,CV_UPDATE
1770586479.883251,-0.1526954951294936,0.003190497821566172,0.5150647607721841,CV_UPDATE
1770586479.8938224,-0.15265490328620346,0.003278904732268945,0.5148885563858979,CV_UPDATE
1770586479.9042492,-0.1526149552469306,0.0033659094715093427,0.5147151466766345,CV_UPDATE
1770586479.914575,-0.1525756358156715,0.0034515451353879715,0.5145444656803415,CV_UPDATE
1770586479.9253037,-0.15249430224601496,0.0035148289814507924,0.5143934891358848,CV_UPDATE
1770586479.9359436,-0.15241422868518348,0.003577132442601718,0.5142448514999401,CV_UPDATE
1770586479.9465144,-0.15233538607840014,0.003638478125718041,0.514098498839183,CV_UPDATE
1770586479.9573505,-0.1522577462573801,0.003698887947917258,0.5139543788658516,CV_UPDATE
1770586479.9676995,-0.15218128190677668,0.003758383162664556,0.5138124408754624,CV_UPDATE
1770586479.9781249,-0.15210596653214029,0.003816984384703405,0.513672635687333,CV_UPDATE
1770586479.9889035,-0.15203177442931054,0.0038747116138706825,0.5135349155877663,CV_UPDATE
1770586479.999807,-0.1519695052924404,0.003925541563305199,0.5134195033556987,CV_UPDATE
1770586480.0103698,-0.1519081512053406,0.003975624562711288,0.5133057871152854,CV_UPDATE
1770586480.020651,-0.15191491527137285,0.003982565464320615,0.5133354848678429,CV_UPDATE
1770586480.0310297,-0.15192158137844738,0.00398940584599353,0.5133647525298491,CV_UPDATE
1770586480.0415945,-0.15190691997412964,0.004000723703744101,0.5133615906722359,CV_UPDATE
1770586480.0521998,-0.1518924678689456,0.004011879993218431,0.5133584739517763,CV_UPDATE
1770586480.0630288,-0.15182042480614355,0.004050762252673785,0.5132392303069644,CV_UPDATE
1770586480.0735464,-0.15174939572029858,0.004089097260060802,0.513121664968202,CV_UPDATE
1770586480.08428,-0.15167935935403215,0.004126896488169174,0.5130057427508758,CV_UPDATE
1770586480.09494,-0.15165471923968268,0.004105031844724802,0.5129978312845475,CV_UPDATE
1770586480.106291,-0.15163041875475222,0.004083468574725562,0.5129900288666867,CV_UPDATE
1770586480.1169786,-0.15160645092533073,0.004062200489805025,0.5129823332581053,CV_UPDATE
1770586480.127683,-0.15158280896714543,0.0040412215698732105,0.5129747422805039,CV_UPDATE
1770586480.137995,-0.15155948627915844,0.004020525957435411,0.5129672538144164,CV_UPDATE
1770586480.1489239,-0.15153647643742213,0.004000107952139634,0.512959865797237,CV_UPDATE
1770586480.1595228,-0.15151377318917997,0.003979962005542002,0.5129525762213256,CV_UPDATE
1770586480.1699235,-0.15149137044720176,0.003960082716080011,0.5129453831321901,CV_UPDATE
1770586480.1809423,-0.15146926228434227,0.00394046482424408,0.5129382846267381,CV_UPDATE
1770586480.191926,-0.15144744292831308,0.003921103207938339,0.5129312788515991,CV_UPDATE
1770586480.2025661,-0.15142590675665804,0.0039019928780220296,0.5129243640015104,CV_UPDATE
1770586480.213642,-0.15140464829192313,0.003883128974023403,0.5129175383177673,CV_UPDATE
1770586480.224558,-0.15138366219701185,0.003864506760018353,0.5129108000867307,CV_UPDATE
1770586480.2355812,-0.15136294327071817,0.0038461216206664545,0.5129041476383935,CV_UPDATE
1770586480.2466285,-0.15134248644342882,0.003827969057397439,0.5128975793450005,CV_UPDATE
1770586480.257251,-0.15132228677298787,0.0038100446847414843,0.5128910936197204,CV_UPDATE
1770586480.2677655,-0.15130233944071608,0.0037923442267970347,0.5128846889153683,CV_UPDATE
1770586480.2782698,-0.15128263974757863,0.0037748635138301696,0.5128783637231745,CV_UPDATE
1770586480.2896943,-0.15117007340307428,0.0037823029658174533,0.5125527999014894,CV_UPDATE
1770586480.3002367,-0.15105888739387963,0.0037896511921519196,0.5122312282787214,CV_UPDATE
1770586480.3107474,-0.15094905648534546,0.003796909860578592,0.5119135758713436,CV_UPDATE
1770586480.3219602,-0.15088036479745545,0.0037435988873928904,0.511704230572376,CV_UPDATE
1770586480.3326492,-0.1508125002220024,0.003690929828393651,0.5114974059874238,CV_UPDATE
1770586480.343048,-0.15074544790957095,0.003638891159089196,0.511293056861298,CV_UPDATE
1770586480.3538373,-0.15069504288662594,0.0035880931650848517,0.5110575466105808,CV_UPDATE
1770586480.3641772,-0.15064523402007293,0.0035378959752674303,0.5108248218152239,CV_UPDATE
1770586480.3748372,-0.15059601079568988,0.0034882889934431593,0.5105948333490306,CV_UPDATE
1770586480.385445,-0.15054736294505763,0.003439261871137582,0.5103675332342831,CV_UPDATE
1770586480.3962831,-0.1504992804384188,0.003390804500398601,0.5101428746083764,CV_UPDATE
1770586480.4065623,-0.15045175347778386,0.0033429070068489784,0.5099208116916077,CV_UPDATE
1770586480.4172723,-0.15040477249027512,0.0032955597429782713,0.5097012997560771,CV_UPDATE
1770586480.427869,-0.15035832812169853,0.0032487532816646257,0.5094842950956525,CV_UPDATE
1770586480.438552,-0.15031241123033462,0.0032024784099172906,0.509269754996959,CV_UPDATE
1770586480.4493494,-0.1502670128809398,0.0031567261228311336,0.5090576377113507,CV_UPDATE
1770586480.4598713,-0.15022212433894977,0.0031114876177448215,0.5088479024278267,CV_UPDATE
1770586480.4703221,-0.15017773706487697,0.0030667542885947047,0.5086405092468547,CV_UPDATE
1770586480.4810455,-0.15013384270889493,0.0030225177204568046,0.5084354191550661,CV_UPDATE
1770586480.4919038,-0.15009043310560183,0.0029787696842696267,0.5082325940007903,CV_UPDATE
1770586480.5030496,-0.15004750026895664,0.0029355021317308528,0.5080319964703947,CV_UPDATE
1770586480.5138438,-0.1500050363873813,0.0028927071903612628,0.5078335900653992,CV_UPDATE
1770586480.5242774,-0.14996303381902243,0.002850377158729528,0.5076373390803385,CV_UPDATE
1770586480.5348918,-0.14993541773568037,0.0027486259028050627,0.5074278390300433,CV_UPDATE
1770586480.5455651,-0.1499080984399078,0.0026479681584971955,0.5072205904579888,CV_UPDATE
1770586480.5560427,-0.1498810711729516,0.002548386392215067,0.5070155572635084,CV_UPDATE
1770586480.5667498,-0.14985433127725492,0.0024498634432246146,0.5068127041136264,CV_UPDATE
1770586480.577471,-0.14982787419378135,0.002352382513789852,0.5066119964227596,CV_UPDATE
1770586480.58816,-0.14980169545942376,0.0022559271596253126,0.5064134003330591,CV_UPDATE
1770586480.598928,-0.14977579070449432,0.002160481280648262,0.5062168826953702,CV_UPDATE
1770586480.6097827,-0.14975015565029293,0.0020660291120197494,0.5060224110507858,CV_UPDATE
1770586480.6208336,-0.1497247861067513,0.0019725552154640333,0.505829953612774,CV_UPDATE
1770586480.6314752,-0.14969967797014982,0.0018800444708563409,0.5056394792498576,CV_UPDATE
1770586480.6422143,-0.14967482722090458,0.0017884820680693322,0.5054509574688266,CV_UPDATE
1770586480.6530318,-0.14965022992142218,0.0016978534990690344,0.505264358398464,CV_UPDATE
1770586480.663541,-0.14962588221401976,0.001608144550251388,0.5050796527737671,CV_UPDATE
1770586480.6744177,-0.14960178031890814,0.0015193412950109011,0.5048968119206472,CV_UPDATE
1770586480.6853826,-0.1495779205322356,0.001431430086533252,0.5047158077410895,CV_UPDATE
1770586480.696172,-0.14955429922419047,0.001344397550804005,0.5045366126987587,CV_UPDATE
1770586480.707055,-0.14953091283716022,0.0012582305798259192,0.504359199805034,CV_UPDATE
1770586480.7177367,-0.1495077578839452,0.0011729163250376216,0.5041835426054578,CV_UPDATE
1770586480.729606,-0.14948483094602527,0.0010884421909267074,0.5040096151665866,CV_UPDATE
1770586480.7399542,-0.1494621286718772,0.001004795828830599,0.5038373920632261,CV_UPDATE
1770586480.7504961,-0.1494396477753415,0.0009219651309187528,0.5036668483660417,CV_UPDATE
1770586480.7609725,-0.14941738503403662,0.000839938224350059,0.5034979596295287,CV_UPDATE
1770586480.7718358,-0.14939533728781917,0.000758703465599508,0.5033307018803311,CV_UPDATE
1770586480.78295,-0.14937350143728859,0.0006782494349484337,0.5031650516058975,CV_UPDATE
1770586480.7937343,-0.14935187444233458,0.0005985649311328552,0.5030009857434624,CV_UPDATE
1770586480.8043466,-0.14933045332072617,0.0005196389661446501,0.5028384816693418,CV_UPDATE
1770586480.8152618,-0.14930923514674074,0.00044146076018049236,0.5026775171885334,CV_UPDATE
1770586480.8258255,-0.14928821704983203,0.000364019736733677,0.5025180705246115,CV_UPDATE
1770586480.8365028,-0.14926739621333543,0.00028730551782413813,0.5023601203099052,CV_UPDATE
1770586480.8473668,-0.14924676987320964,0.00021130791936214288,0.5022036455759528,CV_UPDATE
1770586480.8582647,-0.14922633531681354,0.0001360169466413098,0.5020486257442222,CV_UPDATE
1770586480.8688755,-0.14920608988171677,6.142278995676397e-05,0.5018950406170888,CV_UPDATE
1770586480.879821,-0.14918603095454352,-1.2484179655607364e-05,0.5017428703690631,CV_UPDATE
1770586480.890593,-0.1491661559698478,-8.571341456268413e-05,0.501592095538259,CV_UPDATE
1770586480.9012654,-0.1491464624090197,-0.00015827419456417371,0.5014426970180967,CV_UPDATE
1770586480.9121444,-0.14912694779922134,-0.00023017563081281013,0.5012946560492308,CV_UPDATE
1770586480.9228666,-0.14910760971235199,-0.00030142666962817077,0.5011479542116979,CV_UPDATE
1770586480.9336421,-0.14908844576404065,-0.00037203609620746334,0.5010025734172765,CV_UPDATE
1770586480.9442453,-0.14906945361266621,-0.0004420125382365157,0.500858495902052,CV_UPDATE
1770586480.9554327,-0.14905063095840357,-0.0005113644694040862,0.5007157042191812,CV_UPDATE
1770586480.966295,-0.1490319755422952,-0.0005801002128225,0.500574181231849,CV_UPDATE
1770586480.9769998,-0.14901348514534743,-0.0006482279443575135,0.5004339101064128,CV_UPDATE
1770586480.988031,-0.14899515758765064,-0.000715755695870202,0.5002948743057272,CV_UPDATE
1770586480.9989052,-0.14897699072752243,-0.0007826913583735726,0.5001570575826451,CV_UPDATE
1770586481.0096703,-0.14895898246067338,-0.0008490426851065079,0.5000204439736885,CV_UPDATE
1770586481.0206788,-0.1489411307193945,-0.0009148172945275533,0.4998850177928846,CV_UPDATE
1770586481.0317852,-0.14892343347176581,-0.0009800226732309782,0.4997507636257613,CV_UPDATE
1770586481.0427067,-0.14890588872088534,-0.0010446661787874541,0.49961766632349913,CV_UPDATE
1770586481.0536566,-0.14888849450411795,-0.0011087550425116137,0.4994857109972323,CV_UPDATE
1770586481.0644724,-0.14887124889236353,-0.0011722963721586767,0.49935488301249703,CV_UPDATE
1770586481.0749784,-0.1488541499893437,-0.0012352971545522555,0.4992251679838208,CV_UPDATE
1770586481.0859644,-0.14883719593090686,-0.0012977642581453804,0.4990965517694492,CV_UPDATE
1770586481.0967343,-0.14882038488435054,-0.001359704435516716,0.49896902046620695,CV_UPDATE
1770586481.10746,-0.1488037150477611,-0.001421124325803874,0.49884256040448705,CV_UPDATE
1770586481.1181974,-0.14878718464936982,-0.0014820304570756647,0.4987171581433671,CV_UPDATE
1770586481.1287687,-0.14877079194692516,-0.0015424292486450665,0.49859280046584664,CV_UPDATE
1770586481.1391573,-0.14875453522708063,-0.001602327013324635,0.4984694743742036,CV_UPDATE
1770586481.1497447,-0.1487384128047978,-0.0016617299596260163,0.49834716708546545,CV_UPDATE
1770586481.1605568,-0.1487224230227641,-0.001720644193905173,0.49822586602699254,CV_UPDATE
1770586481.171342,-0.14870656425082487,-0.0017790757224548817,0.49810555883216956,CV_UPDATE
1770586481.1817396,-0.14869083488542945,-0.0018370304535460043,0.49798623333620273,CV_UPDATE
1770586481.192222,-0.14867523334909047,-0.0018945141994189951,0.4978678775720195,CV_UPDATE
1770586481.2027745,-0.14865975808985663,-0.0019515326782270487,0.4977504797662675,CV_UPDATE
1770586481.213645,-0.14864440758079797,-0.002008091515932256,0.49763402833541076,CV_UPDATE
1770586481.2244484,-0.14862918031950373,-0.002064196248156089,0.49751851188191937,CV_UPDATE
1770586481.2353787,-0.1486140748275921,-0.002119852321985489,0.49740391919055105,CV_UPDATE
1770586481.246308,-0.14859908965023172,-0.0021750650977358016,0.4972902392247213,CV_UPDATE
1770586481.256785,-0.1485842233556747,-0.0022298398506717526,0.49717746112296,CV_UPDATE
1770586481.26739,-0.14856947453480046,-0.002284181772687625,0.4970655741954521,CV_UPDATE
1770586481.2781084,-0.1485548418006706,-0.0023380959739477646,0.49695456792065973,CV_UPDATE
1770586481.2890356,-0.1485403237880941,-0.0023915874844884985,0.4968444319420241,CV_UPDATE
1770586481.2995887,-0.14852591915320268,-0.0024446612557825266,0.49673515606474444,CV_UPDATE
1770586481.3103821,-0.1485116265730362,-0.002497322162266799,0.49662673025263226,CV_UPDATE
1770586481.32118,-0.1484974447451376,-0.002549575002834882,0.4965191446250386,CV_UPDATE
1770586481.331781,-0.14848337238715714,-0.0026014245022947594,0.49641238945385247,CV_UPDATE
1770586481.3426716,-0.14846940823646607,-0.0026528753127930075,0.49630645516056854,CV_UPDATE
1770586481.3532228,-0.14845555104977873,-0.002703932015206244,0.4962013323134224,CV_UPDATE
1770586481.3641503,-0.14844179960278378,-0.002754599120500722,0.49609701162459097,CV_UPDATE
1770586481.3749053,-0.1484281526897835,-0.002804881071060921,0.49599348394745724,CV_UPDATE
1770586481.385754,-0.1484146091233413,-0.002854782241987949,0.49589074027393676,CV_UPDATE
1770586481.3966432,-0.14840116773393755,-0.002904306942368564,0.495788771731865,CV_UPDATE
1770586481.40725,-0.14838782736963266,-0.0029534594165155784,0.4956875695824431,CV_UPDATE
1770586481.41785,-0.14837458689573813,-0.0030022438451803987,0.49558712521774173,CV_UPDATE
1770586481.42839,-0.14836144519449482,-0.0030506643467384316,0.4954874301582601,CV_UPDATE
